Word,Frequency
title,19
technological,26
ninja,298
naruto,1083
"uzumaki
category",1
misc,1
»,1
anime,17
x,3
"overs
author",1
"wraithrune
language",1
english,1
rating,1
rated,1
"m
genre",1
general,1
sci,1
"fi
published",1
12,8
21,2
08,1
updated,2
"14
chapters",1
14,4
words,56
109,1
799,1
chapter,60
1,23
story,47
uzumaki,184
crossover,15
star,34
ocean,34
game,26
series,61
disclaimer,15
do,260
own,106
any,194
characters,18
or,200
plot,27
manga,19
video,15
games,16
this,434
work,55
fanfiction,16
author,16
notes,12
after,242
reading,13
all,353
those,188
harry,1
potter,1
come,74
into,416
advanced,25
technologies,19
fics,1
decided,23
one,397
where,102
comes,6
contact,14
an,302
device,7
enjoy,7
falling,5
stars,4
military,34
cruiser,2
has,127
been,326
destroyed,27
pilot,4
cried,17
frantically,4
small,51
cargo,3
ship,8
warmed,2
up,400
its,73
warp,13
drive,1
preparation,4
them,343
escape,16
damm,1
pirates,1
we,302
can,206
t,160
let,81
our,149
research,46
data,38
equipments,7
fall,7
their,386
hands,72
scientist,4
board,2
cursed,7
pan,5
galactic,5
government,5
should,81
sent,60
us,104
more,238
than,95
escort,4
now,250
too,66
late,13
15,5
seconds,17
core,3
activation,3
pale,11
faced,17
stared,22
screen,4
pirate,2
ships,1
are,389
turning,29
towards,66
hurry,3
prayed,3
began,134
count,1
down,153
10,17
5,16
2,17
activated,10
relief,12
explosion,3
rocked,1
laser,1
blast,5
slammed,9
back,147
just,198
disappeared,18
losing,2
integrity,1
will,296
dropping,6
out,411
haggardly,1
watched,25
output,2
doors,3
blasted,6
open,29
already,92
space,43
doesn,10
matter,34
still,107
prepare,14
another,88
immediately,7
exited,4
ordered,21
few,192
light,87
years,75
away,100
several,79
objects,18
encased,1
some,195
hardest,1
materials,24
known,83
federation,89
exit,1
gravity,1
gleaming,1
blue,6
green,21
planet,26
below,14
attract,2
adrift,1
they,342
descended,16
over,176
elemental,35
countries,21
six,12
year,43
old,210
escaped,5
villagers,14
were,486
chasing,3
managed,64
slip,5
forest,29
confusion,6
gate,8
guards,26
tried,50
stop,27
mob,3
anbu,168
would,456
soon,29
take,95
safety,11
usually,10
happens,8
when,257
wait,24
huddled,1
miserably,1
under,65
large,54
tree,26
looked,122
night,102
sky,6
eyes,201
widened,22
saw,59
bright,11
streaks,1
flying,11
across,29
wow,3
happily,3
lights,3
seemed,92
getting,23
closer,11
flew,4
gave,91
startled,10
cry,17
fireball,4
body,147
before,269
could,270
even,198
move,20
flame,3
heat,3
burning,7
middle,14
weak,11
arms,8
flailed,1
helplessly,4
encountered,14
cool,9
metal,19
object,4
suddenly,38
wrap,1
around,137
right,102
wrist,8
moment,72
nothing,32
happen,10
then,125
cooling,2
sensation,5
flooded,1
heal,15
flames,5
burnt,9
static,7
filled,17
head,128
felt,56
cleared,3
synchronising,1
host,5
brain,6
complete,16
healing,19
progress,7
extracting,1
name,32
memories,39
am,157
special,38
information,156
containment,4
archive,6
unit,5
002,3
successfully,8
bound,1
your,457
waves,4
patterns,1
advise,2
please,17
step,9
wreckage,2
my,235
container,47
shell,2
hindering,1
though,123
possess,19
remarkable,2
regenerative,4
properties,3
well,162
pain,37
staggered,1
way,160
crater,6
ash,2
fire,61
raging,2
crawled,1
skin,7
itself,18
found,71
embarrassment,2
clothes,11
off,101
only,225
strange,17
bracelet,15
fitted,1
snugly,1
embarrassed,3
about,243
nakedness,1
wish,31
me,293
project,15
holographic,29
image,19
what,381
hollo,1
gaphic,1
asked,155
amazement,4
feeling,25
talking,20
projection,8
create,36
tools,4
needed,28
solid,17
non,6
projections,8
meters,6
radius,9
myself,14
remarked,23
like,140
er,2
fumbled,1
meaning,6
blankly,1
ok,1
beginning,22
last,84
surprise,30
shimmer,2
washed,4
wearing,4
by,374
reappeared,4
reached,26
feel,12
soft,14
fibers,1
awe,7
but,400
cut,17
black,24
shadow,76
landed,16
beside,43
hurt,10
cat,12
masked,22
worriedly,2
checked,6
san,4
delight,3
make,101
new,108
friend,30
good,103
distantly,2
mask,10
lit,4
reflection,1
inside,23
figures,8
appeared,43
stopped,13
iruka,66
who,288
watching,17
gates,4
second,49
shift,7
started,26
fireballs,7
fell,5
remembered,17
running,23
direction,8
so,175
explain,7
nod,45
need,173
home,39
rest,66
check,12
places,6
these,72
nodded,28
quickly,68
bundling,1
village,233
go,69
sleep,12
kindly,4
took,57
bundled,1
boy,153
opened,34
mouth,18
speak,7
heavy,16
weight,4
events,14
dragging,4
unconsciousness,2
analyses,1
day,91
went,24
training,174
grounds,7
himself,86
age,46
knew,97
none,24
children,44
parents,49
allow,24
play,10
mean,25
past,70
two,167
days,50
uproar,2
everyone,41
shot,3
scared,4
looks,16
today,27
whispering,2
appears,5
ve,146
underdeveloped,4
according,39
preservation,4
pact,5
forbidden,3
reveal,24
members,101
undeveloped,3
planets,8
unfortunately,30
given,49
knowledge,100
civilization,11
laws,1
means,20
officially,9
member,17
answerable,3
huh,2
confusedly,1
must,61
never,98
existence,24
patiently,3
until,59
arrives,5
pick,10
return,23
keep,68
secret,62
also,189
assigning,3
administrator,1
rights,4
ban,1
access,31
usage,7
others,31
ll,109
excitedly,10
shout,1
since,90
apparently,32
full,35
designation,2
long,78
remember,20
may,21
call,17
c,10
supplied,3
sica,374
re,63
best,53
shouted,7
dancing,1
man,257
hokage,458
first,153
citizen,1
came,65
begin,31
basic,16
math,2
science,8
ignoring,3
happy,9
shouts,2
teacher,53
created,36
sole,2
purpose,5
containing,11
archiving,3
cultural,2
symbology,39
possessed,32
explained,14
able,154
coach,2
understanding,8
subjects,11
through,155
mental,49
link,12
start,32
sarutobi,319
fascination,3
items,23
recovered,7
craters,6
there,315
five,37
total,7
three,71
turned,69
while,100
remaining,12
retrieved,2
taken,28
headquarters,8
examination,2
boxes,1
suit,10
made,102
kind,32
material,4
indestructible,2
kunai,21
attacks,28
other,148
box,2
contained,25
metallic,6
shaped,4
rectangle,2
no,219
visible,7
function,2
see,96
fact,79
classifying,1
rank,48
safely,4
guarded,2
shinobi,25
armory,2
if,326
block,9
revealed,71
leave,30
storage,22
experimentation,1
later,51
date,8
reports,27
tests,6
run,22
received,18
neighboring,3
wherever,6
assume,5
might,150
find,63
such,69
want,68
teams,35
sweeping,4
country,35
sign,8
land,43
jurisdiction,2
yes,69
captain,8
moved,21
order,27
sighed,11
wondered,9
theories,3
taught,19
difficult,7
little,55
absorb,2
wanted,30
impress,2
strived,1
learn,19
much,101
always,43
persevering,1
cramming,1
next,68
half,34
passed,36
absorbed,3
hold,25
glares,1
better,31
constantly,9
support,6
sensors,6
which,170
detect,15
anything,20
mile,11
saved,20
pursing,1
time,267
gain,14
reputation,10
being,93
uncannily,1
fast,27
hard,27
catch,10
understand,23
alliance,3
many,72
civilizations,2
starships,3
travel,15
considered,21
because,66
stage,6
communication,4
useful,8
relating,2
images,8
various,38
realized,10
really,77
alive,28
high,47
level,78
computer,1
program,12
capable,19
analyzing,8
situations,8
solutions,4
real,50
human,14
world,64
marvels,1
shown,9
vowed,1
build,10
units,3
curiosity,2
resides,3
kept,34
test,21
copy,13
upgrades,1
stated,27
oh,21
wondering,13
heard,33
wonder,29
anymore,8
fallen,6
survive,19
trip,4
probability,5
surviving,7
30,3
very,85
dense,7
alloy,1
highly,17
resistant,3
scratch,1
however,95
most,135
built,8
atmospheric,1
entrance,9
temperature,2
provided,13
computation,12
states,5
accident,2
releasing,3
atmosphere,4
unable,23
deduct,4
survived,17
tech,4
use,98
isn,11
doubt,17
anyone,27
know,142
how,118
operate,4
equipment,4
retrieve,5
ensure,12
remains,8
uncontaminated,1
alright,25
ask,23
functions,5
besides,9
scan,23
monitor,3
health,6
user,30
apply,7
onto,38
requires,8
match,16
wave,12
lengths,1
telepathic,2
speech,9
vital,4
intelligence,18
officers,2
basically,11
spies,2
self,11
destruct,1
orders,13
unregistered,1
personals,1
database,5
did,141
ninjas,200
mused,11
burst,17
office,20
asking,8
question,31
excited,3
face,106
sorry,12
ah,18
ha,3
triumphantly,1
something,91
suffering,11
sigh,22
tell,59
thing,42
here,80
planning,27
attend,5
academy,60
earlier,9
fill,2
practical,2
teach,19
stuff,6
fond,3
smile,37
promise,13
dream,5
dismissively,3
interest,13
grin,21
worse,5
experiences,1
life,36
months,30
teachers,9
deliberately,4
going,123
fail,3
making,43
hell,8
studies,6
stumped,5
due,46
scanning,23
correct,9
instructions,15
told,47
students,12
distance,34
instead,26
wrong,18
advice,4
student,19
allowed,20
library,71
librarian,1
refused,7
borrow,1
books,24
rescue,6
everything,14
range,18
remain,17
hour,29
finished,10
shelves,20
scanned,32
restricted,3
section,6
chunins,14
jonins,20
enter,12
begun,22
organize,2
based,39
difficulty,3
huge,7
book,15
arts,8
discreetly,3
personal,13
during,102
visit,6
sure,76
seen,40
awesome,4
techniques,132
perform,3
showed,17
technique,206
sternly,15
stole,2
reply,10
put,37
detention,3
week,25
reported,22
lie,9
copied,3
scroll,99
dropped,12
learnt,17
luckily,1
cautioned,5
against,129
trying,47
dangerous,12
again,38
hide,20
true,42
skills,49
poor,3
grade,2
school,36
delighted,2
seeing,14
poorly,2
cause,13
less,24
trouble,16
why,75
treated,9
hatred,6
vast,4
amount,15
teaching,9
caused,21
mature,3
quieter,1
class,47
reserved,1
nature,5
endure,1
feelings,1
done,55
without,74
isolated,2
problem,23
inability,2
clone,137
energy,39
readings,2
compared,2
control,47
chakra,332
causing,37
require,3
breathing,2
finer,1
smaller,2
amounts,6
exercises,20
thanks,21
basics,9
seal,121
similar,6
applied,3
different,35
used,85
focused,4
instant,4
results,3
offensive,3
defensive,4
purposes,3
laborious,1
seals,55
powerful,112
task,11
mostly,8
sealing,13
schedule,15
every,32
great,59
thank,25
gratefully,3
actually,46
thinking,14
telling,16
quit,3
resume,4
plan,66
excuse,1
wanting,4
same,53
group,69
get,122
agreed,12
cordial,1
treatment,2
90,4
success,7
helpfully,3
train,24
got,33
feet,15
tower,53
worried,6
seldom,5
sought,1
requested,6
schooling,4
using,51
fields,11
daily,3
concerned,3
telescope,6
doing,37
shocked,12
finding,11
careful,11
questioning,2
slipped,7
times,46
memorized,1
scrolls,59
warning,7
practicing,5
older,28
staying,8
sparring,8
dummy,4
observed,9
walk,11
people,56
meet,14
weekly,3
ramen,14
favorite,6
ichiraku,1
bar,5
once,93
teuchi,14
owner,9
help,71
buy,18
grocery,1
exchange,2
tip,1
confined,1
charged,4
bought,8
groceries,1
receive,9
poorest,1
quality,3
products,1
muttered,12
angrily,4
whom,7
polite,6
child,66
ever,41
touched,5
spied,2
whipping,2
dish,3
nutritious,1
meals,2
apartment,63
kitchen,5
abandoned,5
untidy,1
habits,1
keeping,12
tidy,1
discomfort,1
changed,17
hope,37
along,12
peers,1
tomorrow,28
spying,16
carefully,22
traced,1
symbol,3
symbols,8
attached,7
parts,10
concealed,4
magic,7
flesh,8
wounds,12
summoning,1
connection,7
looking,92
prepares,1
dinner,2
pause,13
weeks,13
ago,66
called,50
grilling,1
realize,4
watch,31
part,60
cared,1
enough,77
look,136
annoyed,2
seriously,10
hamper,1
promised,5
try,15
chunin,46
reahed,1
skill,13
spy,13
upon,12
listed,15
apparent,1
limitation,2
enabled,6
coached,2
learning,19
multiple,8
clones,250
creates,2
computated,1
risk,8
conclusion,13
possibility,9
dying,3
reserves,34
locate,4
signature,17
think,51
wouldn,18
searching,4
surprising,11
discovered,31
duplicated,2
retained,2
original,20
dispelled,11
thus,15
ended,13
cloned,28
sciences,3
concerning,3
end,45
complex,10
computations,3
surrounding,12
either,15
pass,33
transmit,1
maintaining,1
sub,7
between,33
stayed,11
occasionally,2
avoid,10
suspicions,10
secluded,3
improved,4
gathering,14
building,50
lower,5
having,33
mastered,4
incorporate,3
craft,7
wooden,8
propulsion,1
gun,2
shoot,2
pellets,1
force,33
engraving,1
within,96
piece,13
month,10
worth,8
creative,1
waste,5
maybe,28
surpasses,1
grown,14
rapidly,15
enhancement,1
jonin,52
levels,5
somewhat,3
lacking,3
hey,1
m,13
working,13
everyday,10
sounding,3
offended,1
sore,3
subject,4
anyway,21
appearance,18
eight,21
exist,1
outside,53
wonders,2
accomplished,3
technology,7
100,3
chance,33
faster,4
hate,7
pretend,4
stupid,2
continue,20
suggestion,9
rearrange,1
gathered,42
prepared,14
nervously,4
walked,17
mizuki,23
classroom,15
nervous,3
laugh,6
don,43
worry,18
wane,1
seated,9
quietly,6
seats,2
seemingly,26
role,8
helps,2
advised,2
handed,10
list,15
welcome,4
sensei,36
calling,11
answer,22
yours,8
sakura,6
haruno,1
hai,3
shikamaru,44
nara,11
paused,16
read,19
sight,43
rescued,9
blond,18
haired,41
tall,6
dressed,7
neatly,2
raised,9
hand,74
eyebrow,6
young,82
disinterested,1
glance,12
probably,59
didn,14
giving,44
frown,21
textbooks,2
stern,5
third,110
snake,1
nice,6
misleading,6
overheard,2
names,18
unless,16
mind,66
treat,5
probable,3
collected,8
replied,25
give,40
does,34
hates,1
expecting,5
ate,1
bento,5
lunch,8
leafy,2
vegetables,3
cooked,4
eel,3
answered,12
nine,31
tailed,20
fox,22
kyuubi,55
choked,4
food,10
strangled,4
common,28
derogatory,1
demon,56
brat,29
generation,9
attacked,17
happened,42
birthday,3
calm,18
voice,109
fourth,41
meant,41
specially,4
born,15
writings,2
sealed,34
whose,5
coils,10
yet,19
developed,5
listened,4
numbly,1
continued,47
limp,1
stone,4
floor,16
detected,26
normal,19
especially,39
themselves,15
reason,24
believe,12
side,46
effect,14
oblivious,1
emotion,5
turmoil,3
facts,5
course,33
result,4
80,2
theory,7
letter,6
room,91
future,32
successor,3
son,23
minato,18
namikaze,5
naurto,1
numb,9
tone,10
frozen,2
shock,55
clarify,1
confused,4
father,94
calmly,14
specific,3
questions,12
provide,11
fitting,1
collapsed,7
limply,1
seat,9
closed,20
tears,10
streaming,1
sacrifice,8
contain,9
hated,5
throughout,15
accounts,3
family,30
report,14
hero,3
konoha,331
carry,5
burden,3
unmoved,1
rage,12
willing,13
loves,3
safe,19
fault,4
lay,10
movement,7
silent,25
flowing,4
regain,4
composure,2
mother,67
kushina,25
missing,24
hospital,17
presumed,2
dead,35
killed,23
enemy,20
her,330
lot,43
enemies,11
clan,508
current,53
whole,71
assumption,3
87,2
painfully,7
news,38
death,43
clenched,2
heart,20
signed,2
stating,3
unnamed,1
attack,129
care,24
concern,12
protect,28
deducted,1
anguish,2
squeezed,4
tight,5
died,12
endless,4
string,1
assassination,9
attempts,6
history,27
records,18
slaughtering,1
armies,2
wars,6
iwagakure,1
suffers,1
casualty,2
rock,20
bears,25
deep,26
deduction,4
silence,32
bitterly,2
abilities,32
ruin,1
efforts,5
become,36
stand,10
bring,31
idea,39
wise,11
imagine,7
opening,23
tear,4
shed,2
encounter,2
deals,3
inform,11
understood,10
recorded,16
command,15
memory,16
edit,3
reviewer,1
wrote,3
repeating,6
statement,3
chapters,8
road,1
review,3
say,33
whoever,6
pointing,5
intel,2
ops,2
wood,172
release,160
gene,37
flashed,20
handseals,33
lighting,6
coat,2
white,25
grey,5
electrical,4
covered,8
left,74
cold,17
wrapped,4
power,58
charging,1
50,2
restored,1
responded,1
discharge,1
fade,3
peculiar,1
feature,2
shortly,20
possession,5
hours,32
activity,4
direct,7
sunlight,1
charge,9
layer,6
basking,1
sun,3
whenever,2
energies,12
certain,36
recharge,4
batteries,1
regular,7
restore,1
easier,6
both,60
hesitantly,8
priority,6
lives,21
dislike,2
collection,2
surely,7
mission,96
missions,18
diplomatic,2
espionage,2
secrecy,5
written,11
bare,5
minimum,4
details,14
show,30
parent,1
apologetically,1
bingo,5
contains,12
limited,14
yellow,7
flash,12
talented,1
genius,3
graduated,2
ten,22
tutored,2
jiraiya,18
legendary,18
sanins,2
distinctive,4
include,6
rasengan,9
thunder,5
god,8
steps,2
tentatively,1
formation,3
controlled,6
ball,10
condensed,1
damage,9
whatever,31
further,26
enhance,2
adding,2
element,9
accomplish,2
eventual,2
pained,1
former,7
infamous,15
whirlpool,2
commented,7
unique,6
ninjutsu,35
style,10
creating,18
each,52
applicable,2
sorts,2
situation,22
classified,6
b,3
effectiveness,1
uses,5
battle,70
number,38
particular,21
weapon,12
invented,1
highlighted,4
noted,22
balancing,1
quick,13
inventive,1
appliance,1
chuckled,3
sadly,2
d,17
liked,1
possible,33
99,5
rolled,7
reminded,4
sometimes,6
administration,9
perhaps,24
send,25
place,67
suggested,14
yeah,12
wistfully,2
achieve,7
mastering,4
pose,1
danger,11
estimate,5
spend,6
longing,1
heritage,3
guess,16
silly,1
fulfilled,1
mix,2
calculating,1
discovering,2
affinity,2
chances,5
low,7
spoil,1
sport,1
huff,1
handseal,5
version,6
mentally,13
named,13
n1,23
s1,25
numbers,14
invisible,17
study,7
federdation,1
bend,6
bends,1
field,31
rendering,1
subtle,5
existing,3
bothered,4
fit,5
exasperation,2
flexible,2
provides,1
outcomes,1
flicker,35
arrive,15
allowing,10
reach,17
mislead,1
commanded,2
naming,2
simply,29
assigned,24
represent,1
convention,1
boss,95
announced,8
yawned,2
leaning,3
wall,23
finish,4
fifteen,3
minutes,42
spoke,25
regarding,12
yourself,19
scratching,4
humans,14
plotting,2
passing,26
conversation,17
flunk,1
harder,3
somehow,23
scraping,1
swear,2
averagely,2
attempt,14
snide,1
female,6
obvious,9
controlling,2
uzun,1
gang,1
spice,1
den,1
bit,21
saying,21
fixed,1
bottle,2
paint,8
stink,5
component,1
stay,21
gone,18
woman,22
maliciously,1
protective,3
fool,4
misfile,2
documents,5
warned,4
women,8
shopping,1
listening,10
grimly,28
recording,5
request,8
voices,5
recordings,3
previous,19
unease,2
playing,4
labeled,3
trainee,2
tough,4
ends,5
taking,30
extra,9
sympathy,3
scornfully,2
thinks,2
innocent,10
orphan,12
moves,5
ear,4
astonished,2
lowly,1
guard,11
confided,2
things,46
promoted,2
assistant,1
experience,10
belt,1
motive,1
someone,45
wasting,2
baby,4
sitting,5
shouldn,4
mess,10
finds,4
solo,2
spitefully,1
favored,2
laughed,2
interrupted,8
fierce,8
anger,19
swept,3
proceeding,3
agreeably,1
waited,5
angry,8
pay,16
receiving,10
blazed,2
walking,22
thought,77
informed,18
conversations,8
covering,1
lead,9
astray,1
resolved,4
administrative,3
officer,1
unhappy,1
protects,1
vindictively,1
sabotage,1
important,20
files,1
frowned,13
coming,27
supporting,4
creep,1
grinned,11
precious,6
harm,19
message,37
ons,3
delivered,5
intervals,2
questioned,3
delivery,5
boys,20
description,6
hire,3
services,7
suggesting,2
informer,1
hiding,31
illusion,9
accurate,8
gift,5
horse,3
save,18
serious,12
injuries,16
leaks,1
informants,1
civilian,30
political,13
factions,2
operating,5
subsequent,6
scope,2
grow,8
larger,7
informant,16
expanding,2
area,39
operations,12
konaha,1
apprehend,6
guise,1
toy,1
merchant,7
table,11
ranking,2
merchants,3
exposed,4
prompted,2
police,8
eye,172
waiting,15
intentions,6
mysterious,22
benefactor,1
wasn,6
naïve,1
skilled,5
infiltration,32
free,15
citizens,5
plots,4
particularly,4
operatives,7
jiaraya,6
main,20
source,11
operated,1
versed,2
agents,24
gather,13
wide,14
short,21
house,27
case,35
arrived,27
deliver,3
arriving,3
became,32
strengthened,1
acknowledge,4
anbus,12
s3,7
financial,3
sector,7
bribe,1
kuma,1
council,171
banking,1
system,15
swallowed,2
watcher,8
checking,3
process,14
copying,2
dirt,4
hidden,55
urge,2
foray,1
fun,2
business,18
therapeutic,1
plans,59
turn,18
vandalize,1
caught,33
act,20
fined,1
wreck,1
havoc,3
retaliation,1
informing,4
event,9
narutos,15
stationed,15
patrolling,3
streets,8
morning,39
respective,6
areas,7
targeted,2
brought,16
iuka,1
broadened,1
protection,16
civilians,37
badly,7
troubled,1
narrowed,12
minded,1
detection,5
remained,19
sicas,39
presence,14
hyuga,27
easy,14
genetic,40
marker,6
bloodline,160
byakugan,6
batch,3
positions,6
dispel,9
whereupon,1
missed,6
retiring,1
replace,1
patrols,9
ground,60
armed,1
brushes,2
dispatch,7
respectively,1
transmitted,4
via,6
write,3
depending,4
seriousness,2
straight,13
takes,7
random,2
tonight,23
expand,1
position,26
s7,4
transmitting,2
item,4
manipulator,16
forgotten,3
figure,25
hazard,4
descriptions,2
tested,9
nick,1
miracle,1
uncertain,2
retrieval,2
20,3
withstand,2
blunt,1
hostile,2
environment,3
machine,11
supplement,1
aiding,3
species,6
sentient,5
creatures,1
agent,17
needs,21
infiltrate,6
race,16
maps,4
inputting,1
change,14
infiltrator,3
possessing,2
traits,2
physical,47
structure,12
dna,9
disease,1
note,24
viral,1
bacteria,1
infection,1
poisoned,1
changing,4
immunity,1
poison,15
overall,3
mass,9
undergo,1
mutation,9
blinked,11
explanations,1
alone,16
aren,6
quarks,1
bloodlines,17
isolate,1
causes,2
limits,9
markers,4
map,6
limit,8
shining,4
quite,27
guide,8
currently,37
identified,6
bloodlimit,1
pointed,8
characteristic,2
pretty,13
journey,8
type,13
belong,3
advisable,2
orochimaru,19
conduct,4
vile,1
implantation,3
belonging,2
methods,5
unethical,1
deaths,6
lab,3
shut,10
chased,2
location,19
labs,1
bear,15
suggest,8
outwardly,1
physically,6
suitable,2
puffed,7
n16,2
eyeing,6
s16,1
gotten,16
n7,3
marked,6
operation,12
set,48
front,75
succeed,5
luck,5
disappearing,6
puff,1
smoke,14
fingered,2
initiating,2
top,28
sides,5
folding,1
flat,1
silver,2
layered,3
glass,3
panels,1
tray,4
replicator,5
tool,3
raw,5
substances,1
instance,4
gold,1
weapons,5
atomic,1
amazed,2
disappointed,1
unlikely,1
lacks,2
proper,4
remark,2
medieval,1
legend,9
talked,5
war,33
3,12
000,13
wiped,1
leaving,17
behind,58
cities,4
poisonous,1
mist,10
disappear,4
hundred,13
forays,1
ruins,14
modern,5
analyzed,2
golden,6
nearest,4
permitted,1
except,8
aside,13
specialized,9
manipulation,21
solar,1
depleted,1
delicate,1
charges,2
60,1
needing,2
replicate,2
pellet,8
nano,1
bots,1
programmed,1
feverish,1
state,19
occurs,2
accommodate,2
relieve,1
engraved,3
regeneration,2
aid,7
ability,22
button,2
push,10
drawer,3
replication,2
followed,17
instruction,1
stuffing,1
bread,3
crackles,2
lightning,5
dispersed,4
sat,13
eat,4
laying,5
bed,26
knock,9
lifting,5
cupboard,1
lying,11
held,12
above,13
swallowing,1
sense,24
vertigo,1
hit,3
woke,5
sewer,13
crawling,4
vines,9
greenery,3
spreading,11
water,13
splashing,1
response,3
familiar,17
searched,2
apart,11
growing,6
walls,22
nowhere,1
eating,1
supposed,32
fainting,1
woken,1
contemplating,1
loud,15
roar,5
reverted,1
damp,1
tunnels,8
flinched,2
sound,14
unbelievably,1
fight,38
facing,15
unknown,27
beginnings,2
fear,10
rely,1
decisions,12
sounded,23
wild,25
animal,1
pondered,8
deeper,10
brick,5
signaling,1
breath,19
fortify,1
senses,12
alert,14
trained,26
teachings,3
constant,11
roaring,4
beast,8
becoming,9
weaker,5
giant,14
cage,13
draping,1
bars,2
horrified,5
battered,2
bind,4
roots,17
vicious,3
red,36
emitting,4
demonic,1
tide,2
tingled,1
tendrils,1
brown,19
rich,2
clean,11
growth,4
basked,1
calming,3
cover,21
trapped,15
glared,9
hissed,1
nearly,11
killing,9
intent,6
bolstered,1
defense,6
stare,3
flickered,11
briefly,7
paper,4
door,49
assumed,1
greatest,4
beasts,6
roared,4
derisively,2
binding,5
snarled,7
eaten,2
scare,3
sniff,6
pits,1
stomach,17
gaped,4
jaws,2
finally,15
hint,13
horror,9
struggled,7
enormous,11
pulsed,2
totally,9
purify,1
mixed,2
shuddered,4
awaken,1
confirm,3
plants,6
grew,7
fan,1
shape,10
floors,1
unsure,1
abnormality,6
emitted,1
manner,2
sensed,9
thereafter,1
converts,1
allows,11
rapid,5
forced,22
bond,4
converted,2
greenish,1
propose,1
hypothesis,1
95,4
offered,9
psychic,1
addition,4
suppress,3
gained,17
add,14
observe,11
additional,4
computational,4
powers,9
ways,13
tap,3
added,7
enable,3
strategies,3
greater,5
bad,11
consider,2
sending,14
generate,2
shields,7
strong,13
considering,4
spar,7
agreement,9
primitive,1
strongest,2
races,1
mokuton,2
ino,30
jutsu,4
knows,12
merry,1
christmas,1
guys,27
sweets,1
childhood,6
friends,27
9,15
gamma,1
rundown,1
importance,2
mindless,1
drone,1
milky,1
galaxy,7
vendeeni,3
scientifically,1
neutral,2
shield,6
maintain,4
independence,1
far,25
pangalactic,9
center,11
active,8
anti,1
base,20
near,43
border,4
aldian,1
empire,1
primary,1
rival,3
recited,1
handles,1
liberal,1
view,18
unlike,8
handled,2
facilities,1
exams,4
marks,4
papers,12
completed,8
scored,4
hd,3
–,38
distinction,12
f,1
biology,3
p,2
"
chemistry",1
credit,5
"
physics",1
"
math",1
"
astronomy",1
"
federation",2
trade,2
language,27
"
vendeeni",1
"
technology",1
"
basic",1
"
political",1
following,24
courses,2
"
cooking",1
"
invention",1
"
wood",1
crafting,2
"
calligraphy",1
"
implementing",1
scores,2
congratulate,3
college,1
picked,14
university,6
content,1
solemnly,2
recommend,3
picking,4
least,50
disciplines,1
focus,16
choices,2
contents,14
disciplinary,1
mechanical,3
engineering,2
astrophysics,1
fine,7
economics,1
techno,1
implementations,1
genetics,1
inquired,2
eagerly,3
hmm,3
warfare,2
combat,17
strategy,1
seems,16
flipped,1
selection,1
qi,7
mandate,3
personnel,1
universities,1
dealing,7
channeling,3
fighting,29
spiritual,8
purely,1
superhuman,1
feats,2
excitement,3
operative,2
beating,2
opponent,6
pulp,1
fist,8
glowing,4
strength,22
tremendously,1
enhanced,3
crackle,1
sword,12
enhancing,2
amiably,1
attending,2
intelligent,2
divergent,1
sasuke,49
uchiha,469
sharigan,4
hinata,72
yamanaka,27
choji,32
akimichi,5
kiba,60
inuzuka,13
shino,16
aburame,15
structures,7
ordinary,7
s0,6
droned,2
98,2
lesser,7
clans,71
bodies,22
generations,18
easily,9
stabilize,4
descendants,6
n0,21
listlessly,1
classes,6
bored,1
instructed,6
mold,4
diligently,2
yawn,2
nudge,1
entertainment,4
comics,6
century,4
comic,3
preview,2
politely,1
19th,1
20th,1
popular,3
mx0,3
twenty,8
concentration,5
browsing,3
broken,12
paying,3
attention,33
empty,15
headed,5
tic,1
forming,8
forehead,7
snapped,8
winced,3
hologram,1
barked,8
molding,1
attentiveness,1
break,17
bell,8
groups,6
stood,31
shy,3
heiress,2
buddies,2
girls,12
clutched,4
nonchalantly,1
swing,1
lost,14
thoughts,20
among,22
height,2
firm,10
frequently,4
daughters,1
associating,2
fiercely,9
warnings,4
spread,18
exceptions,1
families,5
dared,5
close,34
actively,5
avoided,7
distant,12
person,10
warrant,1
adults,13
shake,5
blame,2
firmly,12
loyalty,7
counts,2
spot,14
playground,2
bite,3
lips,17
decision,13
squaring,1
shoulders,4
swings,1
hi,3
trailing,6
pausing,4
judging,4
sincerity,1
normally,3
leading,14
nobody,1
friendship,10
forever,3
hovering,2
beyond,2
horizon,3
midst,3
setting,7
matters,8
sooner,2
shrug,12
users,30
plates,5
cast,8
spells,1
sort,17
plate,5
concept,5
refering,1
investigate,4
spare,9
increase,6
capabilities,16
ran,8
simulations,3
creation,6
cards,1
feasible,2
recommended,1
pull,9
team,110
pump,1
gradually,4
musingly,3
legends,5
creature,1
immerse,6
malevolent,1
increased,4
scans,20
tripled,1
estimation,1
purified,1
exceed,3
counting,6
carries,1
impressed,2
worsen,1
handling,2
dryly,9
double,2
steadily,2
grimaced,3
asleep,4
skip,3
compound,90
ideas,1
decide,5
variations,2
spending,5
hanging,10
hills,1
clouds,5
beneath,6
lazy,6
facade,1
hides,2
shoji,7
pastimes,1
grasped,1
tactical,2
chess,3
surprised,8
played,3
together,22
challenging,4
cloud,4
munching,1
chips,3
surprisingly,6
interfere,4
budding,1
talent,2
adult,3
approached,1
invited,1
sometime,3
girl,7
join,14
vehemently,1
denied,3
troublesome,10
friendly,5
insect,2
hyperactive,2
paired,4
dogs,9
dog,3
companion,4
joined,4
infused,1
birth,6
breed,1
insects,4
feed,1
tasks,2
commands,2
unpopularity,1
prone,1
excessive,1
actions,24
pranks,3
prank,7
resulted,1
pink,1
hair,5
temper,1
traitorous,4
eternal,1
rivals,1
bet,1
couldn,4
gleam,5
wearily,10
hill,3
munches,1
threw,4
bombs,4
throwing,4
bomb,1
puffing,3
chest,8
proudly,1
sticking,2
tongue,5
distract,4
mom,4
says,4
downfall,2
ones,26
shudder,3
planed,2
point,22
cheer,2
uneventfully,1
outrageous,4
partner,3
crime,1
lessons,9
detentions,1
genjutsu,21
lesson,5
listen,11
practiced,2
transformation,17
yesterday,19
raising,3
naturedly,2
curse,2
spotting,2
trap,8
laid,10
collecting,1
shooting,3
barely,19
glare,7
stopping,5
foreboding,1
starting,5
flashing,9
erm,3
else,13
sexy,1
cutting,14
hurried,1
enveloped,1
nude,1
stepped,11
cooing,1
transformed,5
form,26
cooed,1
wickedly,1
erupted,8
pandemonium,2
screamed,2
threats,2
screeched,1
beet,1
streams,2
blood,61
nose,2
hang,5
tired,11
bowl,1
newly,11
sprouted,8
trees,19
surrounded,10
perimeter,2
surroundings,14
wandered,1
master,13
mischief,1
sentencing,1
perverted,1
goes,10
ruined,1
prankster,1
extension,1
inherited,1
competitiveness,1
instruct,2
moaned,2
blushing,1
naked,3
photos,1
reference,3
clearing,12
disaster,1
genuine,1
companionship,1
switch,4
adjust,2
timetable,1
forward,30
stealing,3
file,2
analysis,10
simulation,1
convert,4
forms,9
theoretically,4
pushing,4
arrays,18
requiring,3
imprinted,2
nightly,1
affirmed,4
array,24
imprint,2
computing,1
attends,1
afternoon,19
company,3
loyal,17
speaking,7
wisdom,2
rash,3
bouncing,1
staring,7
grass,6
engaged,2
boring,3
mouthfuls,1
admitted,4
observing,6
rather,10
complained,2
sis,1
enthusiastically,3
sessions,4
matches,4
mistakes,3
depicted,1
harsh,7
truth,17
practices,1
draw,7
taijutsu,28
ranked,2
unbelievable,3
beat,4
regularly,1
hadn,5
returned,21
consistently,1
seventh,1
grumbled,4
awkward,1
yell,1
defeated,4
challenged,2
stance,4
sloppy,1
limiting,1
notice,5
recall,11
tend,5
uzuni,1
dad,6
lies,7
commit,1
big,10
crimes,9
brighten,1
pointers,2
fought,6
practice,10
mysteries,1
silently,13
disabled,1
wished,7
honing,1
perfect,5
teaches,2
standards,1
nearing,5
foundation,2
stretching,5
enlarge,2
leaf,4
floating,5
introduce,2
façade,2
shook,7
pretense,1
analyzes,1
method,14
flexibility,2
exiting,3
window,23
wax,1
nickname,1
clamped,1
glanced,3
aware,19
assured,3
ill,6
intention,10
recently,10
falls,1
severely,4
undermined,1
action,13
loved,3
stays,2
cannot,4
identity,19
nin,28
doorsteps,3
education,6
handing,3
higher,5
judged,1
capability,8
sufficient,3
favor,7
guiding,5
shadows,10
statue,1
crafted,3
mountain,3
"
eye",1
pressure,2
crashing,1
cloak,22
dagger,1
whispered,5
boot,2
heavily,8
hawk,13
sharply,6
entered,18
men,34
parcel,1
doorstep,1
harmful,3
patrol,16
lord,19
bowed,1
leaping,4
standing,59
invisibly,1
corner,10
n5,20
smiled,7
s5,9
worked,7
arrival,12
trust,12
letting,4
intensive,7
ingenious,2
calculations,5
rouse,1
freely,4
confirmed,6
iii,3
genetically,2
altered,5
babies,1
timeline,3
alters,1
genes,6
8,4
yrs,1
drilled,1
jerrac,3
input,4
genin,12
echoside,1
misspelling,1
changes,5
4,10
four,24
darkness,8
reverberated,1
inner,7
itachi,159
brilliant,2
kneel,1
summoned,4
abrupt,1
coolly,1
daunted,2
submission,1
faces,15
grave,4
elders,81
elder,19
spoken,6
revolting,1
resulting,2
conflict,3
rebelling,1
inflict,2
casualties,6
bloodshed,1
spell,3
doom,2
insolent,1
pup,1
prodigy,18
raged,2
mozu,65
courting,1
kairou,6
uncles,2
pacifying,1
chilling,3
allegiance,2
betray,1
leader,18
serve,4
stonily,2
choice,4
coldly,5
enlighten,1
sentry,8
guarding,9
dear,6
fugaku,32
visibly,7
tightened,5
yashito,34
kiro,18
competent,1
specialists,4
deadpan,1
humor,3
wife,12
challengingly,1
busy,6
affairs,3
bless,1
chose,2
specialize,4
medic,6
brother,8
seven,4
wants,4
expert,3
prevent,12
assuming,1
unsaid,1
threat,20
stirred,5
uneasily,1
heightened,1
tension,1
candidates,2
chosen,6
wield,3
breaking,12
revealing,15
shred,1
prestige,4
proceed,7
layouts,1
present,6
hoping,9
peace,13
quiet,2
major,16
incident,3
expected,7
gearing,1
revolt,10
seize,1
assassinate,4
thunderous,1
placid,1
forth,6
scheme,1
apology,1
regret,6
rebel,3
die,16
numerous,17
discuss,14
curiously,7
knowing,17
denying,1
expertise,3
hopefully,4
meantime,10
raise,2
holding,10
mikoto,7
leverage,2
mindful,1
weary,16
embroiled,2
struggle,3
grim,22
ordering,3
latest,8
chomped,1
evidenced,1
affirmative,1
traitors,9
ryo,4
eyebrows,3
experiments,9
error,2
calculation,2
largest,2
intersection,2
dashing,1
layering,2
vanished,18
sounds,20
targeting,2
rebellion,3
affect,4
fallout,1
pulled,9
dominance,1
allied,3
continuing,3
forty,1
authoritative,1
stake,3
ai,2
chorused,1
rush,3
wind,25
army,20
rushed,8
seeking,3
secrets,15
faked,2
toilet,3
sneak,3
painstakingly,1
sob,1
freeze,2
fright,2
survey,2
huddle,1
placed,11
softly,8
sobbing,2
neared,2
quietest,1
injured,22
infirmary,2
instantly,15
lifted,7
expression,12
ki,1
resting,3
watery,2
flushed,1
cheeks,2
wrenched,1
cute,3
stunned,2
shaking,7
clear,16
crying,3
quivered,1
leg,2
sprain,1
shame,3
retorted,1
crumple,1
fighters,1
teme,1
strikes,8
super,3
lose,11
protested,3
chewed,1
outrage,5
knitted,1
ourselves,3
joins,1
stronger,9
maker,1
often,3
messy,1
grades,1
meeting,43
follow,21
mischievously,1
vein,1
pulsing,1
resisted,1
growl,2
pranksters,1
underlying,1
expect,6
iru,1
ka,1
avoiding,1
drag,1
waved,2
splattered,2
multitudes,1
bag,4
aided,1
unpunished,1
advance,7
memorize,1
stuttered,1
petrified,1
pleadingly,1
punishments,3
cleaning,5
showing,8
evil,1
punish,1
demonstration,2
dismissed,2
dismay,1
strode,1
desk,6
cloth,1
bucket,1
pal,1
brightly,2
n3,5
alerted,4
shared,5
hints,2
record,5
south,2
sharp,13
male,4
boomed,1
undetected,6
scouted,2
younger,14
shifts,2
tenchi,2
asura,2
difficulties,3
discerning,2
timings,2
bugs,5
gravel,2
satisfaction,6
shisui,62
devotedly,1
sandaime,2
rooms,8
heirs,13
teizu,3
drawn,7
compounds,4
pardon,1
senju,85
joking,1
mockery,1
thousand,3
decimated,1
average,5
claimed,3
disgrace,1
shodai,1
nidaime,1
hasty,1
judgment,4
midaina,5
edler,1
valid,1
disable,5
impractical,1
tsunade,7
undisputed,1
heir,4
disappearance,2
ruled,1
democratic,1
committee,1
kidnap,1
deal,20
ruling,3
unstable,1
catiously,1
frequent,3
tabs,3
suspect,6
idano,7
riko,1
live,12
west,4
duty,15
love,6
betrothed,1
slightly,13
obey,1
taste,3
veiled,2
disapprovingly,2
signs,22
produced,3
madara,347
pacifist,1
settled,13
layout,4
discussion,3
revenue,1
shops,2
fur,2
hasn,1
alternatives,2
crumpled,1
strife,1
politics,3
averse,1
underhand,1
tactics,9
threatening,3
kidnapping,2
directly,12
extends,1
branch,9
toughen,1
bigger,2
disrupt,3
update,4
semester,1
degree,6
bogged,1
tons,1
writing,5
character,2
lack,7
prove,5
helped,3
destroy,24
vengeance,5
protray,1
tragic,2
loving,2
hearted,1
killer,3
ps,5
larry,1
lansday,1
spelling,2
admit,6
agenda,1
teammates,6
homura,50
koharu,66
emotionless,7
danzo,174
honorary,1
contributions,2
disbanded,2
faction,2
insisted,5
concede,2
attempting,13
coup,6
dry,6
lucky,4
uchihas,49
aged,3
creased,2
effectively,6
planned,21
nip,1
bud,1
escalates,1
blown,2
gravely,9
forces,21
recent,10
loss,4
battling,1
unthinkable,1
setback,1
peaceful,3
negotiation,1
injected,3
smoothly,4
entice,2
satisfy,1
superiority,1
rebuild,1
ties,4
disdainful,1
involves,3
negotiate,1
opportunity,3
eradicate,3
suspicion,2
involved,25
proves,3
participants,1
judgement,1
persuade,3
peacefully,2
demanded,5
promising,3
swift,3
victory,1
negotiations,2
mole,1
advantage,8
muster,3
tougher,3
establish,1
meaningless,1
talks,1
laughing,2
guarantee,2
fails,2
marshal,3
assault,3
sharingan,92
launch,4
viable,1
option,2
grit,1
teeth,7
condemn,1
welfare,2
solve,1
steel,6
met,6
teammate,4
signal,8
halt,4
ninjustsu,1
faint,1
post,6
closing,12
poured,4
unrolled,3
widening,1
distractedly,1
curved,1
leaned,2
gasp,5
monitoring,7
triumph,1
wiping,1
neither,3
proved,4
service,2
uncovered,7
suspicious,1
art,4
infiltrating,1
trailed,4
personally,9
trustworthy,3
proven,5
conceding,1
deciding,2
tackle,1
warn,4
convincing,1
eyed,5
intruder,2
realised,15
pouch,9
distracted,5
accepted,7
transform,2
untied,2
strings,1
money,9
brim,1
accusingly,1
rob,1
bank,2
n14,16
steal,2
indignant,1
payment,2
successful,5
completion,1
quote,1
lists,1
recover,4
incentives,1
backup,4
ready,11
disturbed,3
stimulate,2
counter,19
survival,5
occur,2
dodging,5
ingrained,1
enthusiastic,2
psyche,1
devastating,1
inclined,1
effort,7
carrot,5
stick,4
capture,6
fair,4
heft,1
wiggling,1
kick,2
pet,2
measure,4
funds,2
acquired,1
forge,1
necessary,11
address,2
alias,1
srautobi,1
passive,1
track,8
movements,6
impressive,9
verify,2
infiltrated,1
utilised,1
musing,1
ineffective,1
utilises,1
town,35
sudden,10
enlightenment,1
dearly,2
exists,6
utilise,1
commonly,2
issue,4
investigated,2
trail,4
hardly,2
meetings,2
strictly,1
pursed,2
eagerness,1
reduced,1
sturdy,1
log,5
pieces,6
splinters,1
blur,4
gruelling,1
laps,1
speed,9
exercise,13
explaining,1
split,3
bits,2
palms,2
strike,8
target,8
exclaimed,2
palm,4
thin,9
manipulate,6
focusing,2
cares,1
intently,1
comment,1
shyly,2
sharing,1
supposedly,5
manage,7
consecutive,2
breaks,2
masters,13
per,7
single,9
massive,20
bashful,1
afraid,11
reverently,1
slight,7
acting,6
energetic,1
excitable,1
y,2
measuring,2
required,8
personalities,2
sweet,3
overwhelming,4
shyness,2
crippling,1
flaw,5
career,3
overcome,1
memorised,1
pros,1
cons,1
quiz,1
factors,4
memorise,1
seating,1
quirk,2
confident,6
blushed,1
weird,6
reassured,1
reliability,1
trustworthiness,2
noticed,5
noticing,1
hurting,2
weren,2
perceptiveness,1
guilty,3
haltingly,1
job,8
resigned,5
living,16
connected,4
famed,2
spent,11
warded,2
entry,2
indicates,1
confidential,1
interaction,3
duties,15
returning,5
mid,5
sighted,11
roads,2
enclosed,3
vaguely,1
pressed,3
woods,7
river,5
branches,8
betraying,4
suspected,7
carried,11
quietness,1
stilled,5
party,4
somewhere,10
arrogant,2
surpass,2
sad,3
remarkably,5
cracked,1
duel,1
loser,1
winner,1
carrying,4
ears,9
stray,2
emerge,1
depths,1
air,48
dread,5
pooling,1
demand,2
froze,9
contemplated,2
whether,8
burn,7
immediate,4
hopped,1
landing,1
lightly,2
envelop,1
wedged,1
rocks,2
extracted,9
simple,8
sheet,2
drew,4
shuddering,4
trickling,1
moments,8
gust,6
ashes,2
envelope,1
gently,4
queue,5
identification,7
registration,9
understandable,3
permanent,4
resident,2
registered,4
counters,1
evening,3
tatori,9
proclaimed,2
inventor,2
square,20
jaw,2
guile,1
clerk,6
shuffled,1
stack,2
uriko,7
hashiyako,1
farming,1
borders,4
browsed,1
register,1
fee,2
wishing,2
rules,2
regulations,1
bulging,1
purse,2
fifty,6
paid,5
minute,8
filling,3
stamping,1
official,6
emblem,5
alley,4
construction,2
forged,2
problems,4
swirl,5
signifies,1
delay,5
visualising,2
massacre,5
scene,2
final,3
fantasy,1
fft,1
fusion,1
reviewed,6
liedral,1
greyduke,1
managable,1
accordingly,3
feedback,1
relationships,3
snowecat,1
spotted,5
dos,1
errors,1
6,4
appearing,7
dusk,3
dawn,9
tsume,36
shibi,27
heads,13
stepping,3
orderly,1
pushed,10
sensitive,2
sama,18
aww,1
crap,2
swivelled,1
shielding,3
indeed,3
shielded,3
sautobi,1
reject,2
tighten,1
exception,3
lookout,1
intruders,2
arrange,1
involve,2
fictional,2
word,14
highlight,2
nights,2
tightening,3
security,6
presences,1
search,15
conducted,7
fake,2
certainly,15
scented,1
odd,1
trace,1
seem,12
sentence,2
anticipation,3
hear,9
sworn,2
circumstances,6
unison,3
strained,2
quelling,1
silenced,5
herself,4
trustable,1
acts,3
increasing,2
false,3
perceived,1
intrusion,1
delaying,7
tactic,2
sizable,1
dare,2
backs,2
assholes,1
realise,3
alerting,1
affected,2
scout,1
describe,1
pursuit,1
timing,1
mark,4
nerve,1
bastards,3
fumed,2
kidding,1
spineless,2
worms,4
intend,2
hostages,1
unaffected,5
undisturbed,3
turbulent,1
storm,1
emotions,8
natural,4
alarm,8
treason,5
hana,1
gritted,3
inconspicuous,1
willingly,6
tag,1
daughter,14
roles,3
round,6
released,6
stalked,1
slower,2
pace,6
trusting,1
song,2
twirling,1
bird,2
twisted,7
awake,5
groan,2
rubbing,3
sleepy,1
thick,16
slept,2
unlimited,3
anytime,5
effortlessly,3
intense,4
limitless,4
relying,1
exertion,2
damaged,8
wryly,1
attempted,5
spree,1
session,3
severe,1
coursed,1
subsided,1
collapse,5
smallest,1
manipulating,4
suffered,8
ironic,1
exhaustion,3
coil,1
potential,8
rested,2
sends,2
caution,2
almost,20
argh,1
drank,1
quench,1
thirst,1
longer,14
renewing,1
twelve,6
headaches,1
dumped,1
terrible,1
headache,2
compute,1
assignments,1
stress,8
dispelling,3
suffer,3
rolling,5
conditions,2
89,3
lasting,2
account,3
affliction,1
makes,4
sarcasm,1
projects,6
line,13
ups,1
costs,1
narration,3
70,4
estimated,8
bolt,5
antidote,3
ice,2
needle,2
previously,22
vague,4
initiative,1
conscious,1
shoulder,9
arm,17
channel,2
detoxify,1
regenerate,1
regrettable,1
originally,4
humanoids,1
imprinting,2
91,1
discourage,1
cooler,1
interested,4
researching,1
compatible,2
adjustments,1
reducing,2
okay,5
topics,2
freed,11
shall,9
formed,18
replacement,6
bulk,1
moving,15
deafening,1
noise,5
cheeky,1
shimmered,4
overlaid,1
invisiblity,1
signalled,1
departure,2
literal,1
leapt,6
massaged,1
muscles,1
rummaging,2
rate,5
detailed,6
comfortable,3
partnered,1
tweak,1
plumpness,1
realistic,1
visualization,1
desensitizing,1
imagination,2
fears,2
worries,1
forcing,5
insensitive,1
admire,1
persecution,1
classmates,2
relate,1
underdog,1
negative,2
sentiments,1
tenth,4
remedy,1
opponents,3
blindside,1
drummed,1
natured,1
individual,8
improvements,1
flush,1
chore,1
gentle,3
proud,6
flawless,1
execution,9
occurred,3
7,12
genins,2
neighbouring,3
belonged,2
framework,3
builders,1
construct,2
correctly,2
mizuru,8
inikawa,3
builder,4
skimming,1
feat,3
workers,4
layers,1
likes,4
outbound,1
cheaper,1
mention,15
prices,1
notoriously,1
cheap,2
bough,1
crazy,2
oronu,1
41,1
grouch,1
squads,3
cautiousness,1
ahh,1
slowly,6
rugged,1
beard,1
spilt,1
milk,1
chorus,1
casting,1
trench,1
sunk,1
earth,66
smooth,2
planks,2
hammering,2
exclamation,1
humourlessly,1
transmits,1
juvenile,1
observations,2
reveals,2
relevance,1
executed,6
taizu,1
satisfied,3
bow,2
surveillance,3
seek,8
worrying,2
arise,2
ignore,3
opinions,1
agreeable,1
betrayed,5
opposed,3
persuasive,1
agreeing,1
united,3
shivered,4
clutching,2
blank,3
parameters,2
fretting,1
accepting,2
equal,3
breathe,3
listing,4
recognised,5
snort,2
grouped,1
categories,3
category,1
outlines,1
plotted,1
issued,1
included,1
brief,9
sweep,3
emergency,7
motion,2
striking,2
ending,4
reviews,6
unknowingly,1
200,1
readers,9
enjoying,1
discrepancies,1
holes,2
repair,4
mas,1
season,1
chirstmas,1
holidays,2
thankful,2
intervention,2
mutters,1
wealthy,2
nameless,1
soul,1
painters,1
fresh,6
travelled,2
neighbourhood,2
hollering,1
sits,1
sceptical,1
radical,2
homeless,2
folks,4
queuing,3
share,6
menus,1
soup,6
lecture,3
nutrition,1
repeated,1
greying,1
speculated,1
financing,1
lectures,1
scoffed,1
district,3
enjoyed,2
delicious,4
chef,1
fortunate,2
ladle,1
supply,1
bowls,3
directed,1
ongoing,1
serving,6
hearing,10
loophole,1
smugly,1
stops,1
resources,2
promotion,16
keeps,2
sizes,1
rolls,1
stores,1
churn,2
finances,1
pot,4
slow,2
grouched,1
barricade,1
gets,5
tiredly,2
stool,1
preparing,4
actual,11
nerves,6
catching,2
drowsily,1
cup,1
coffee,1
dubiously,1
sipping,1
truthful,1
meticulously,1
hiashi,9
angered,1
rare,12
hanabi,3
treacherous,1
strongly,5
counterattack,3
retribution,1
concocted,2
wasted,3
assassinated,2
unwillingness,2
convince,2
launching,3
deviousness,1
responsible,2
prejudiced,1
captured,24
deeds,2
condemnation,1
portion,8
dealings,1
crossed,6
disturbing,2
straightened,6
quickened,1
package,9
sir,2
oil,1
skinned,1
mail,1
astonishing,1
deed,2
ceded,1
iron,4
key,7
bronze,2
unrolling,1
glancing,1
blossoming,1
fills,1
joy,3
path,5
reaching,8
milestone,1
improving,1
arranged,2
bathing,3
size,3
automated,2
plumbing,1
connecting,1
underground,2
spring,1
sources,5
baths,1
traps,5
obstacles,1
panel,2
reset,1
provisions,1
invite,1
works,3
pillar,1
privacy,4
led,11
camouflaged,1
exits,3
choose,1
buildings,8
pond,1
fish,2
herbs,1
hobbies,1
herb,2
keys,1
opens,3
wisely,2
regards,11
miss,4
deeded,1
dust,4
wake,3
surprises,3
installed,1
disheartened,1
aimed,1
ambitious,1
imagined,3
corps,6
blind,7
reality,8
opportunists,1
lurks,1
background,4
wrestle,2
starts,2
sank,3
nap,3
mild,5
irritation,1
halls,1
including,2
mingling,1
crowd,18
sniffing,1
grand,2
remind,1
schedules,1
happening,8
capital,5
charming,1
bunch,1
leaves,4
fellow,10
outing,1
expensive,1
expenses,1
invoke,1
code,12
forfeited,1
phone,1
dates,1
grimace,7
mistake,2
swayed,2
sick,3
bonelessly,1
afflicted,1
weakness,6
unconscious,5
unharmed,5
treachery,2
glaring,9
legs,6
buckled,1
drop,10
specialist,2
resist,2
seeped,1
hall,4
targets,4
amiable,1
disgust,4
scorn,1
clamp,1
offending,1
numbness,3
dim,3
stab,3
sink,3
pity,3
midnight,2
armor,1
leaders,1
tensed,10
knocked,3
transferred,2
interrogation,12
cells,9
similarly,2
dealt,4
notable,1
manning,6
posts,2
neutralised,2
sorted,1
interrogating,2
squad,3
hq,1
duration,4
unexpected,3
crop,1
barrier,3
surround,2
corners,2
pray,1
till,5
dark,17
speedily,1
coordinating,1
communications,2
billow,1
moon,2
sinking,6
moonlight,1
radio,25
sprung,7
scaling,1
encapsulating,1
fourteen,2
plain,2
pitch,1
cloaking,5
29,1
hacked,1
encrypted,1
particulars,1
centre,2
righteous,2
proceedings,3
closest,9
closely,5
maintained,3
professional,2
climbed,2
overlooking,2
communicate,4
invested,2
sidelines,1
sprinted,1
loudly,1
panic,2
bark,1
takeover,1
reactions,2
ranged,1
hysteria,1
shouting,5
prominent,7
accidents,2
actuality,1
finger,4
intervene,2
amongst,2
coerced,1
bidding,1
cemented,1
declaring,1
unwilling,1
followers,1
majority,6
oldest,2
respected,4
kill,20
imprison,1
homes,1
imprisonment,1
desperately,3
rein,2
eldest,3
unconcealed,1
blamed,1
panicking,1
punishment,3
befall,2
politicking,1
absolved,2
desperation,4
declared,6
early,10
expertly,2
igniting,1
obliged,1
goodwill,2
mercy,3
grandfather,4
cunning,3
politician,1
denounce,1
catered,1
departed,2
settle,6
comfort,1
cloaked,4
retreat,1
standard,1
roof,14
tops,7
youngest,2
akin,2
banished,2
heated,1
argument,1
blaming,3
secure,7
shattering,5
screams,3
tortured,3
cries,5
bubbling,2
carnivorous,1
fly,3
plant,2
eats,1
extensions,1
pure,5
porcelain,1
color,2
haha,1
interesting,8
glee,1
fingers,2
idiot,1
scolded,1
pft,1
quietened,1
approaches,1
entertained,1
reviewing,1
interference,3
interfering,1
western,7
dungeons,1
jammer,1
types,5
metals,1
exotic,8
miniature,1
flagged,1
investigation,2
footnote,1
humanoid,2
gleefully,1
info,1
public,20
announcement,7
dissidents,5
rumours,6
abound,2
sizeable,1
community,1
significant,6
squashed,1
refuted,1
cell,10
slab,5
bruises,3
decorated,2
courtesy,1
department,1
politically,2
authority,4
shattered,18
damn,5
doomed,1
brainless,1
sheep,1
banded,1
obedient,1
underlings,2
stewing,1
bang,1
footsteps,2
jumped,6
blew,1
scampering,1
pair,2
design,3
mangekyō,45
eighteen,3
attain,1
activate,7
witnessed,4
trauma,1
factor,4
trigger,1
bath,3
succeeded,1
atrocities,1
perpetrators,1
law,3
unfortunate,7
outlawed,1
deliberate,1
triggered,3
gaining,3
highest,5
exert,1
blinding,13
tolerance,1
strain,3
couple,1
oneself,1
portraits,1
gasped,4
atrocious,3
murderer,2
criminal,8
youth,8
offspring,1
acknowledging,3
proving,2
corridor,2
reverent,1
throat,6
crush,2
stumbled,11
backwards,4
branded,4
toss,1
prison,9
scenario,2
bowing,2
firstly,1
parchment,1
prefer,4
swords,1
dipped,1
battles,4
shrilling,1
jump,5
groping,1
destroying,4
residence,2
dire,3
drafting,2
fogged,1
relevant,1
databank,1
transmission,8
implanted,13
limbs,8
genetical,1
cellular,1
dojutsu,2
clarified,1
perfectly,3
grafted,1
historical,2
realising,5
winning,3
labelled,1
decades,10
countering,1
exponential,1
equation,1
concluded,2
likely,4
swiftly,5
objective,4
shirt,6
pants,3
screaming,3
sweat,9
blankets,1
stairs,5
clanging,1
fending,1
assailants,2
sneered,5
whimpered,1
tangled,2
involuntarily,1
stabbing,2
inevitable,2
warm,3
bent,4
protectively,3
painful,2
pierced,7
bursting,3
itac,1
glazed,2
unmoving,1
cradled,1
slashed,7
laced,1
bending,5
dignity,2
instinctively,3
disappoint,2
apologise,1
boost,2
arc,2
reader,2
overlooked,2
forgo,1
oversight,1
points,3
fix,1
n11,15
n12,5
n13,12
subdued,2
discussing,3
fate,5
hot,3
arguments,3
parties,1
cosmology,1
shrill,1
broke,10
s4,7
n4,3
blink,4
owlishly,1
answers,4
s14,4
connect,2
failed,5
urgently,4
traitor,24
stall,4
survivors,7
profile,2
valley,1
interuppting,1
bearing,1
eastern,13
engaging,3
odds,1
invading,1
tense,4
warping,3
consumed,2
invasion,2
agitated,1
fashion,1
37,3
similarity,4
analyze,2
analysing,3
kakashi,147
southern,3
eagle,5
feared,1
rise,1
vision,3
definitely,11
spyglass,2
peering,2
magnifies,1
houses,2
engulfed,2
root,73
circular,3
hole,1
attackers,4
mic,4
startling,2
signals,2
disturbance,2
posted,1
motioned,3
hoped,1
suddenness,1
snaking,1
pillow,1
pretended,1
assailant,3
throw,4
switched,2
blinking,3
flood,1
doorway,5
prisoners,4
rubbles,3
hurriedly,2
poof,1
messenger,3
crumbled,1
damned,1
rushing,7
frequency,1
arrest,2
turncoats,1
repeat,2
headset,1
receives,1
sported,1
harshly,2
speakers,1
militia,37
crushing,2
pulling,3
hazed,1
rocky,4
faded,3
bleeding,4
internal,1
notified,2
rubble,4
youths,2
origins,3
dig,3
dug,3
neat,1
rows,4
nearby,9
pavement,1
stumbling,2
grabbed,5
collar,1
helpless,4
levelled,1
healed,3
youthful,1
rescuing,1
thumping,1
shivering,1
frame,5
hum,1
blade,5
desperate,4
pooled,2
trembled,1
standstill,2
vine,4
extruded,1
piercing,2
uerring,1
accuracy,4
exclaimation,1
stiffly,4
narrowedly,1
sprouting,5
everywhere,3
tides,2
unspoken,1
swirls,4
abruptly,1
stranger,14
glow,2
gaping,4
wound,2
grief,1
arch,1
shrieked,1
clammed,1
restraining,1
unperturbed,1
scream,6
fistful,1
gurgle,2
coughing,1
weakly,4
channelled,2
bloodied,5
haunting,1
forgot,1
barest,1
colour,1
twisting,3
wan,1
numbed,2
urgency,3
mend,2
neutralise,1
stitch,1
drifting,1
reinforcements,2
fragile,1
forget,1
debt,9
climb,2
obeyed,1
cackled,1
exhilaration,1
struck,4
betrayal,1
fuelled,1
bloodlust,1
uncaring,3
assassin,5
mirenko,11
kumira,8
wrecking,1
central,1
condemned,1
attacking,5
flickering,4
famous,2
senjus,9
rooftop,4
intending,3
flicked,3
phoenix,3
chunk,2
screeching,2
smashing,3
tiled,2
charred,1
gurgled,2
hiss,1
bizarre,1
spike,2
leap,10
spiky,2
veins,1
partially,1
plucked,1
wildly,2
swivel,1
tangling,1
strangling,1
sets,2
sensing,16
norm,2
signatures,8
vanish,7
flung,1
clinking,1
shivers,1
shimmering,1
crunch,1
splitting,1
thigh,1
driving,1
determinedly,1
hatake,15
phasing,3
mentioned,7
phased,3
intangible,12
phase,8
innately,1
dimension,29
touch,5
63,1
experimental,4
suits,3
developing,1
puts,2
impervious,2
durations,4
s13,2
intervened,1
fights,4
saving,7
limitations,1
effects,1
prolonged,3
vulnerability,1
exploited,1
launched,3
interact,2
speeding,1
destination,3
provoke,1
terrified,1
huddling,1
wielding,1
infant,1
littered,1
marking,2
hostiles,1
slaughtered,1
flicking,1
moulded,1
diminishing,1
panted,4
ducked,1
marble,1
tumbling,1
ragged,1
ripped,3
mangled,1
rukimaru,1
battled,1
immortalised,1
urgent,3
roughly,3
kiara,1
ninjutsus,3
failure,4
derailed,3
prolong,1
evacuate,2
wrecked,1
grinning,2
beautifully,1
talents,1
spitting,2
bat,1
lid,1
insult,1
joining,3
mates,4
believed,12
nonsense,2
shodaime,1
foolery,1
casual,1
utterly,1
detestable,1
potentially,1
flexed,2
summon,5
dragon,4
chidori,1
useless,4
sneer,4
underneath,5
rumble,2
dozens,4
strangers,14
rooftops,4
calvary,1
muscled,1
thirty,3
impromptu,2
battlefield,25
lawn,1
lingered,2
whereabouts,4
relax,2
kunais,3
positive,2
lowered,1
grouping,1
status,9
wounded,2
regroup,1
rumour,1
unwise,1
updates,4
vanishing,1
invisibility,8
eliminated,1
digging,2
looming,1
inubi,1
accord,2
prodded,1
evacuated,1
northern,8
scouring,1
protecting,8
refugees,2
suppose,2
coordinate,1
piriority,1
trash,1
favour,1
cannon,6
dies,1
rewriting,1
minor,3
portions,1
coated,2
flaring,1
chakras,1
dated,1
6th,1
october,1
2012,1
revealation,1
tobi,3
rewritten,1
clandestine,2
akatsuki,5
impose,1
alike,2
handful,5
preferred,1
mantle,1
altering,2
scarred,2
inspiring,1
resolve,3
surfaced,1
hurts,1
void,1
chaos,7
toyed,1
ideals,1
crushed,1
offer,5
sufficiently,1
spat,3
admiration,3
ages,2
replaced,1
replicas,2
cultivated,3
artificial,3
finesse,1
artificially,1
drained,3
inefficient,1
options,1
elements,7
intimidating,1
deceiving,1
keen,2
earthly,1
sensor,10
lurking,2
elusive,2
nawaki,1
maturing,1
staged,1
emerged,3
culling,1
wielders,2
genocide,1
relations,3
gap,3
network,5
initial,2
dispatched,1
sores,1
swiped,2
smirked,1
migration,4
instantaneous,3
teleportation,2
touches,1
pocket,2
offensively,5
teleporting,4
flaws,3
teleport,6
foes,1
confidence,3
perched,2
consequence,1
flared,2
reflex,1
dazed,2
eruption,2
brambles,1
slashing,8
limping,1
leakage,2
tinkling,4
dissolving,1
nothingness,1
situational,1
awareness,3
fled,5
occupied,2
battleground,2
explore,1
blinded,3
performance,3
unbalanced,1
appear,4
injure,1
insight,2
discern,1
trump,3
comprised,1
torn,5
jumping,4
teleported,5
impassive,3
twice,3
attributed,1
uniqueness,1
rendered,2
card,1
powerless,1
undo,1
plummeted,1
terrain,1
adhere,1
spikes,11
n55,7
s55,5
foot,5
soldiers,15
goal,2
expired,1
critical,3
periods,4
longest,1
combined,4
computed,1
factoring,1
projecting,3
beam,1
restrict,1
cripple,1
truly,5
projected,3
resistance,1
daggers,1
blazing,1
balanced,3
s50,1
n50,2
assisting,1
medical,8
approvingly,1
evade,1
noticeably,2
s51,1
52,1
53,1
pouring,2
detecting,5
vibration,1
rumbled,3
crouching,1
sway,1
brace,1
rose,6
saviors,1
relative,3
labored,1
headiness,1
peered,2
biting,4
twitched,2
reassuringly,2
assistance,3
relaxed,3
conceded,1
patched,1
condition,2
utilizing,1
pitched,1
lean,1
swung,1
edge,7
quarters,1
bodily,1
spurn,1
violent,1
shudders,1
overturning,1
tumbled,2
shakily,1
wasteland,1
grapple,1
stupefied,1
rising,1
vegetation,3
amidst,2
dull,3
harmlessly,1
protruding,1
recognized,9
sunshine,1
term,3
containers,4
extraction,2
4th,1
wields,2
uncanny,1
related,5
mystery,4
cousins,3
perching,2
landscape,4
warily,3
seeks,2
possesses,7
grows,1
site,1
patches,1
pleading,2
combing,2
steeling,1
overturned,4
crumbling,2
interlocking,1
cautiously,2
pathetic,2
hunt,20
lighted,1
unpleasant,3
dragons,1
crash,1
spun,3
distraction,4
infuriated,1
pesky,2
shards,9
slice,1
shrapnel,1
escaping,4
rang,1
pile,4
puffs,1
inadvertently,2
allies,1
recklessly,1
slabs,1
neutralize,1
relayed,2
voiced,2
viewed,2
hayate,1
handicapped,1
solution,5
assembling,2
providing,2
reservoir,1
spamming,3
identities,1
drain,1
alternate,6
overlaying,1
appearances,3
descend,1
underway,1
reappearing,2
distort,1
distortion,1
archives,8
terrifying,2
deflect,1
blow,2
parrying,1
rained,1
acceptance,2
realist,1
recognize,3
defeat,4
occasions,1
laughable,1
intended,7
gamble,1
swipe,1
grunted,2
grabbing,4
warding,1
gesture,1
contacted,1
shower,1
restrained,1
sickening,2
pop,1
stump,1
elbow,1
agony,1
channeled,1
numbered,4
jutsus,2
bleed,1
waist,1
snatched,1
deposited,1
applying,1
tending,1
injuried,1
bringing,5
protest,3
brothers,1
nodding,6
crowding,1
snapping,1
growled,3
horde,2
unleashing,1
matched,2
dispose,2
minted,3
hordes,1
kid,17
buying,2
deadly,4
pointless,2
amazing,2
indicated,2
tail,4
subdue,1
adulthood,1
reckon,1
doubted,4
weed,1
discerned,1
overwhelm,1
undoing,2
distances,1
east,3
unleashed,4
annihilate,2
16,1
compounnd,1
panting,1
thousands,11
coping,1
hundreds,3
mobilized,7
feedbacks,2
incoming,3
manic,1
triumphant,2
punch,1
gripped,1
neck,5
dangling,1
choke,1
blaze,2
pipe,1
crashed,1
uncomfortable,2
distorted,1
tightly,3
stabbed,1
dots,2
lengthening,1
torture,4
ranting,1
lived,6
spluttered,1
gasping,2
greedily,1
stained,2
murderously,1
gash,1
owed,3
explanation,2
hardened,2
shifted,5
pests,1
stretched,3
surrender,1
arrivals,1
acknowledgment,1
inspect,1
strangle,2
hesitated,6
deception,2
relationship,4
inhabitants,1
preserve,2
spin,7
herring,2
divert,2
cooperation,3
shine,2
engulfing,2
hug,3
sparing,2
spinning,4
expectations,1
cheers,1
destinies,1
cohorts,1
loose,1
involvement,3
safeguarding,1
length,1
disbelief,9
leveled,1
frightened,4
elite,4
secretly,6
incredible,3
truthfully,1
plus,3
meteor,4
showers,2
hesitation,1
parentage,4
maturity,6
prudent,2
boasting,2
ss,1
villages,29
discover,8
assassins,4
underestimated,1
confide,2
greatly,3
starved,1
safeguard,1
pang,1
requirement,1
wears,1
sniffed,1
brimming,1
strict,1
fairly,1
outmatched,1
begged,1
implant,4
stock,4
dabbled,1
illegal,2
testing,2
hunted,3
performed,2
thieves,1
dojutsus,1
namely,1
implanting,4
ninety,1
unforgivable,1
agree,5
dragged,2
alarming,1
monitored,1
debriefing,1
obligation,1
render,2
earful,1
lift,1
presume,5
consuming,5
belly,4
examine,1
presumably,1
identify,6
clearly,2
moist,1
richly,1
individuals,4
unheard,3
depend,2
largely,3
afinities,1
affinities,1
mindset,1
putting,4
safer,1
manipulations,1
ease,3
chipped,1
stubborn,2
doctors,3
nevertheless,1
cursory,1
fading,2
coursing,2
potent,7
longevity,1
descendant,7
inflicted,1
cede,1
comforting,2
narrowing,3
miles,2
dratted,2
foremost,5
fleeing,4
cowardly,2
valuable,4
asset,2
nins,10
fukira,1
mine,3
rats,1
rippled,1
stillness,1
grasp,4
reinforcing,1
cling,1
ahead,3
caliber,2
praise,1
possibly,2
spam,1
gloss,1
accomplishment,1
deeply,2
quantity,2
thanked,1
slummed,1
chair,3
heading,1
clanless,1
unwillingly,1
confiscated,1
stolen,5
lock,8
misdirection,1
stands,1
spreads,2
separate,3
entities,1
grunt,1
ensures,1
secures,1
tingly,1
feels,1
exposing,2
defend,1
gauge,4
weaknesses,2
outline,1
protocol,5
brutal,1
approve,1
implement,2
endurance,1
outlook,1
slamming,1
stiff,2
sleeping,5
doctor,5
haggard,1
nurses,3
orderlies,1
patients,2
spine,3
corrosive,1
paralyzed,2
temporarily,3
sugar,1
demanding,3
beehive,1
relatives,4
ignored,2
aunt,9
bandaged,2
snatches,1
install,1
retreated,1
vigil,1
hovered,1
rims,1
reined,2
impressionable,1
regard,3
catacombs,14
hideout,2
rebels,1
rule,2
disapprove,1
reserve,2
mobilize,1
clock,1
deployed,1
eighty,3
percent,3
buried,2
foresight,3
placing,4
difference,5
foresaw,1
fooling,1
survivor,2
potency,2
flawed,1
employ,1
inquiries,1
wily,1
hyo,5
harvest,1
intact,1
enact,1
pairs,1
devoid,2
vicinity,1
avail,1
properly,3
owned,5
mystified,3
supporter,1
detrimental,1
orphans,3
remembrance,5
deceased,4
blooded,9
tails,11
pregnancy,2
union,1
vocal,1
steadfastly,1
unaware,3
mere,1
researcher,1
granted,5
gleamed,1
lasted,2
staff,1
packed,2
located,8
chastised,1
smug,1
bore,2
serves,2
exactly,9
unfavorable,1
outcome,2
tricks,3
unimpressed,1
lax,1
posture,2
ballistic,1
unorthodox,1
rogue,22
repercussions,1
activities,1
harmless,1
smoothed,1
sensitivity,2
publicly,2
plausible,3
stories,3
recuperate,1
employing,1
lied,2
diverging,1
unrestricted,1
conducting,9
revelation,4
totality,1
revolved,1
debrief,3
heaven,1
sake,2
progressed,1
grinded,1
curious,5
argued,2
mastery,4
frankly,2
circumstance,1
truths,2
phrase,2
snorted,4
s11,5
replayed,1
admitting,1
secured,3
glad,5
calculative,1
benefits,2
legal,1
freedom,3
hasten,1
canon,3
11,3
aka,1
filler,1
development,2
gato,1
eleven,3
aftermath,2
fires,1
soaked,1
smell,3
preparations,2
scattered,5
muffled,3
wailing,1
mothers,2
grieving,2
husbands,1
mourning,1
unseeing,1
cope,2
losses,4
brave,1
solemn,2
mutterings,2
uninjured,1
pacify,1
disgraced,2
trial,2
senior,5
unanimous,2
abandonment,2
stripped,2
titles,1
inoten,8
exile,1
volume,2
bravery,1
cost,4
repay,3
retain,1
shunned,1
resolution,1
madman,1
aim,1
discussions,1
leadership,1
adviser,1
oath,1
tasked,6
justice,2
approval,4
clansmen,1
clothed,1
hayama,46
shirakumo,3
inwardly,3
matching,1
rumors,4
defending,3
speculations,1
rampant,1
rocking,1
jitters,2
runners,1
outcry,2
imposed,1
foreseeable,1
rotation,1
credence,1
rumor,1
knocking,2
drowsy,1
34,3
cryptically,1
corny,1
script,1
strapped,1
moderating,1
desire,1
therefore,2
sleeve,1
pulse,3
corp,6
rikudō,1
sennin,1
revered,3
jerk,1
accusing,1
consolation,1
innocents,3
hadseals,1
breakfast,3
fetch,1
forewarned,1
specializing,2
kenjutsu,1
affiliated,1
iwa,3
moniker,1
lure,2
pretending,1
outward,2
leisurely,1
fully,13
slightest,2
provocation,1
display,4
drawing,4
moderate,1
earn,2
unnecessary,1
reasonable,1
communed,1
merits,1
maneuvers,1
experienced,1
guidance,1
wishes,3
childish,1
frowning,2
hunching,1
beforehand,1
vantage,1
whips,2
crystal,9
reflected,1
centered,1
superior,1
tangle,1
evident,1
appreciation,1
inkling,1
hybrid,1
pierce,4
punching,3
punched,2
evidence,3
viewpoint,1
undetectable,3
cursing,2
swearing,1
narrowly,1
menacing,1
predatory,1
virtually,5
killers,1
harsher,1
damaging,3
nor,2
curtly,2
outraged,2
comments,2
merit,1
suggestions,3
pondering,2
benefit,1
legacy,68
perished,6
snidely,1
displeased,1
ours,1
terms,6
specialization,2
solitary,2
seconded,1
opinion,4
cultivate,2
accelerated,1
greet,1
newest,1
canceled,1
slash,1
handicap,1
testament,1
loosen,1
peak,1
elderly,2
screwed,1
forgive,2
kneed,1
straightening,1
anywhere,4
indignantly,2
discussed,1
reward,3
robes,1
vested,1
stiffened,3
headband,1
apprenticed,2
participating,1
served,6
hunter,4
opposite,5
prodigies,1
earned,3
classmate,1
advisory,2
rigidly,1
reappear,1
briefing,2
influence,2
lessen,1
bubble,1
summons,1
undisclosed,1
waspish,1
vigilant,1
recoup,1
folder,1
39,1
18,2
elites,3
158,1
457,1
676,1
75,3
manned,1
recalling,4
reinstate,1
wartime,1
protocols,2
kage,2
fielded,1
maneuvered,1
respect,4
hackles,1
instrumental,3
albeit,1
jiraya,1
kidnapped,6
experiment,6
bestow,2
thief,2
natsu,21
seethed,1
exclamations,1
accusation,2
handle,3
naturally,4
duo,2
assist,4
perish,1
pin,1
mouths,1
masses,1
adopt,2
belongs,2
awakens,1
relay,1
adopted,1
confirmation,2
popularity,1
helping,8
resignedly,1
assignment,2
tutorage,1
becomes,2
talk,5
manipulative,1
includes,1
disgruntlement,1
interests,1
schemes,4
manipulated,1
web,6
guided,2
confrontation,2
widely,4
notion,2
subdivision,2
founded,1
respectable,1
assassinations,3
terrorism,1
international,1
incidents,1
organization,5
instinct,2
guy,1
standby,1
arguing,1
n17,36
warehouse,1
deserted,2
undiscovered,2
wrestled,1
immobilizing,1
amusement,2
alarmed,1
creeping,1
trick,1
warhawk,1
chills,2
wonderful,1
specimen,1
struggling,4
pervert,3
eh,1
prevented,2
s17,13
beading,2
plead,2
appreciate,4
motivate,3
visited,2
pages,1
preference,1
installment,1
beta,2
forum,1
thread,3
unbetaed,1
constructive,2
criticism,1
pm,2
au,1
fandom,1
belief,2
feudal,20
lords,12
presented,1
wimpy,2
politicians,1
kages,12
logic,1
president,1
13,8
corrupt,1
dethroning,1
infrastructure,1
city,2
detail,1
deter,3
lands,4
wealth,7
bypassing,2
coded,1
conveying,1
precaution,1
quailed,1
capturing,3
psychological,2
spirit,1
unsurprised,1
breezed,1
trusted,3
fu,13
jewel,1
contemplative,1
fold,1
recruit,2
unassuming,1
boon,1
chuckle,4
dependence,1
inking,1
arrangement,3
catacomb,4
io,1
harvested,5
sharingans,4
cleaned,2
sacrifices,8
drugged,3
procedures,2
acquire,1
strides,1
relieved,1
pedophile,1
afterall,1
ruthless,2
fuinjutsu,9
decipher,4
clue,1
subordinates,1
visual,3
audio,1
acknowledged,2
drugs,9
administer,1
dosage,3
street,14
kids,3
yaiba,3
chikai,2
guardian,2
housed,2
shelters,1
coincidence,1
grooming,1
pentagram,1
paths,4
alterations,2
concentrated,1
aspect,2
hoarding,1
attach,1
grateful,1
scouting,3
initially,1
mistaken,1
impression,2
fetish,1
literally,3
stumble,2
minefield,1
graft,1
severed,1
grant,4
cozy,1
compiling,1
cohesive,1
briefed,1
differently,2
prior,2
echolocation,2
consists,2
precise,3
pulses,4
echoes,1
smells,1
sensations,2
dependent,1
furthest,1
sixty,2
termed,3
analogy,1
resonate,1
principle,1
gravitates,1
creators,1
uppermost,1
beings,2
ultimate,1
bordering,1
senjutsu,3
sages,4
apt,1
empower,2
sage,9
decreased,1
sanin,4
contested,1
brand,1
calibrating,1
emit,1
myriad,2
reasons,5
basing,1
discovery,4
implementing,1
exact,3
conscience,1
heartedly,1
otherwise,2
flee,4
mapped,1
mysteriously,1
tunnel,6
ins,1
varieties,1
blocked,1
maximize,1
referring,1
pleased,1
fifth,2
masterful,1
guardianship,1
vote,4
villager,1
votes,2
equivalent,2
sit,3
contacts,3
connections,2
bankers,1
stigma,1
bitter,2
composed,2
figuratively,1
patrons,1
jobs,2
income,1
dues,1
skipping,1
flowery,1
proses,1
hinted,1
disappointment,1
inconvenience,1
valued,2
thinly,1
pompous,2
habit,1
ass,3
controller,1
tens,1
nowadays,1
samurais,2
sold,1
clause,1
treaties,1
spear,1
effective,1
quantities,1
qualities,1
band,7
succession,2
proxy,2
commanders,1
loyalties,1
respectful,1
kicking,1
apprehending,1
trepidation,1
uncover,2
specifically,1
apprentice,5
paled,1
traveled,1
flushing,1
unadulterated,1
hunting,3
terror,1
tenten,10
dilemma,1
welled,1
ruffled,1
dirty,4
hundredth,1
foolishness,1
reliant,1
yuri,1
studying,2
reporting,3
kidnappers,2
bonds,3
administered,1
ropes,2
clouded,1
leaden,2
thud,1
rusty,2
sliced,1
dried,2
swaying,1
swooping,1
hellhole,1
corporate,1
clinging,1
savior,1
maze,2
corridors,1
explosions,1
commander,7
shit,1
shikaku,23
hastily,1
factory,3
relays,1
assembled,2
period,3
allegedly,2
upper,2
circles,1
abuzz,1
vice,1
ferreting,1
miraculous,1
cock,1
bull,1
coverup,1
stuttering,1
sum,1
pathways,1
sketched,1
hindrance,2
diversion,1
contacting,1
storming,1
awed,2
radios,2
cataloged,1
pays,1
scrub,1
dial,3
gruff,1
piped,1
visage,2
steeled,1
misato,1
crunching,1
breathings,1
eyeballs,3
inori,2
berserk,2
wutai,1
restrain,1
aghast,1
obscure,1
managing,2
yue,2
organs,1
serum,4
merge,2
attended,1
patching,1
protected,5
explosive,1
massaging,1
certainty,1
theft,3
scale,1
gaze,3
unauthorized,1
contempt,1
wolf,1
shutting,2
stalking,2
radiating,1
thrashing,1
needn,1
blistered,1
bravo,1
ambassadors,1
rain,21
decapitation,1
liaising,1
oruchimaru,1
formulate,1
threaten,2
stability,1
inoichi,4
hitched,1
towered,1
brewing,1
deemed,1
dolls,1
backer,1
collaborated,1
strip,1
palely,1
affair,3
waving,1
sagged,1
reckoning,1
row,1
sunset,1
jittery,1
bombshell,1
unnoticed,2
inhabiting,1
shoe,1
improve,5
playback,1
develop,2
strengthening,2
izanagi,5
culprits,1
guerrilla,1
trainees,1
rehabilitating,1
decapitated,1
stunning,1
supporters,1
s20,3
capacity,3
deduce,1
sped,1
thoughtfully,2
doubtful,3
keyed,1
unseal,5
requirements,1
destruction,6
calculated,1
memento,1
nostalgic,1
expressing,1
unity,1
demands,1
populace,5
fulfill,2
stealth,1
clothing,1
features,2
blessing,1
hardship,1
weakened,1
blackmail,1
bedroom,1
curtains,1
expectant,1
aback,1
gushed,1
press,1
private,1
suffice,1
cache,1
rightfully,1
textbook,1
rightful,1
cube,13
trinket,1
squeamish,2
shrugged,4
bead,2
smear,2
sanctuary,4
grip,3
smearing,2
essence,3
ing,1
impact,2
culaio,1
rydan,1
kingdark,1
badassery,1
vikraal,1
muroshi,1
foxshadowwraith,1
lastly,1
stelle600,1
grammar,2
breakdown,1
interlude,6
apologies,2
nicely,1
pms,1
bonus,1
gals,1
continues,1
souvikkundu0017,1
yin,45
23,2
roozu,16
whisper,2
cousin,4
hashirama,3
obtain,1
vial,3
sample,1
touki,5
rasp,1
sentai,1
retainers,1
townsfolk,1
fateful,1
regretful,2
lady,12
mito,13
senile,1
snap,1
hush,1
chambers,10
whispers,2
proof,3
frustration,1
cackle,1
slide,2
ginrin,20
quavering,1
frail,1
monster,3
incredulously,3
crossing,3
external,1
sixth,1
defence,3
defences,2
lots,1
rectify,2
reappearance,2
chamber,1
reapplying,1
glowed,1
analysed,1
rasped,2
similarities,5
consideration,1
stroking,1
chin,1
momentous,1
married,3
available,5
lines,7
grandnephews,1
ancestry,2
niece,1
decisiveness,1
accept,2
prod,2
hornet,1
nest,1
consequences,1
measures,2
hid,3
kane,1
keeper,1
husband,1
latter,2
revenge,1
24,1
ignorant,1
vultures,1
anonymity,2
destined,1
hokages,4
massing,1
rapping,2
cancelling,1
orange,3
channels,1
venue,1
19,1
windows,6
efficient,1
dismantle,1
preconception,1
ruthlessness,1
fury,3
grisly,1
replaying,1
rape,1
suited,2
brute,1
drooling,1
technically,1
formality,1
specialised,1
replicable,1
melding,1
yang,7
application,2
venture,1
medi,2
masterfully,1
transformations,1
compete,1
ignorance,1
sightedness,1
familiarize,1
tortures,1
nightmares,2
readjusted,1
aimlessly,1
slumbering,1
glint,1
reflecting,1
binoculars,1
lens,2
persistence,1
sitters,1
twinge,1
significance,2
penned,1
insignia,1
unscannable,1
dimensional,3
unsealed,1
keepsake,2
rediscovered,1
transferring,1
suppressed,2
recovery,1
locked,4
discreet,1
creepier,1
usual,1
crossly,1
dumb,1
smacked,2
zealous,1
funny,1
claiming,1
fabricated,1
upbringing,1
corrected,1
heroics,1
begins,1
doubts,1
societies,1
judgemental,1
influenced,1
reasoned,1
logical,1
disgruntledly,1
redesigned,1
incorporating,1
programme,4
strenuous,1
designed,2
o,6
division,3
divisions,1
funded,1
singular,1
hence,1
agency,1
template,1
analyse,1
combatively,1
imperative,1
flopped,1
rough,1
structured,1
criteria,1
ingenuity,1
chemical,1
poisons,1
pathfinding,1
hosts,2
adapt,1
scenarios,2
objectives,2
pit,1
reused,1
indirectly,1
predict,2
challenge,1
cheating,1
hone,1
adaptability,1
crutch,1
admonished,1
scowled,1
reluctant,3
flopping,1
lifelessly,1
directive,1
precedence,1
inciting,1
bluntly,2
heartless,1
accused,1
inanimate,1
vocabulary,1
deficiency,1
gong,2
courtyard,3
jerked,2
startlement,1
blearily,1
futon,1
chiming,1
bells,1
codes,1
reddish,1
skylights,1
signified,2
tended,1
dismiss,1
favourite,2
compilation,1
herbal,1
keenly,1
whirled,1
guiltily,1
disapproving,1
ruer,7
motherly,1
caretaker,1
sister,5
noises,1
wilted,1
spanked,1
bathed,1
herded,1
reassuring,1
seedlings,1
banii,8
rented,2
petition,1
inducted,1
supplies,3
methodically,1
sharpening,2
whetting,1
exempt,1
citing,1
stead,1
satchel,1
spooked,1
thoughtful,1
stuck,2
babysitter,2
reminds,2
announcing,1
haste,1
crier,18
flipping,1
mane,1
stacking,1
cupboards,1
incredibly,3
tetsuki,9
entering,2
stiffen,1
imp,1
entire,5
popped,1
decoy,2
environmental,3
determining,1
scary,2
gauging,1
arched,1
haabu,3
koubutsu,3
uzuamki,2
wider,1
spectrum,1
transmitter,1
kagu,10
clowns,1
moaning,1
shadou,24
unyielding,1
preventing,1
honor,2
repaid,2
fools,1
grumpily,1
vendetta,1
abashed,1
mannerism,1
fastest,1
disparity,1
wince,3
par,1
scouts,1
channelling,1
sharpened,1
perking,1
topic,2
shusui,2
annoying,1
stoically,1
roll,3
chilly,1
comfy,1
kahi,1
repairs,3
afford,2
tenant,1
sums,1
custody,3
million,1
sparkling,1
electrified,1
soaring,1
sea,1
fractured,1
luminous,2
entirely,2
destinations,1
pounded,1
completely,1
comprehend,4
fabrics,1
regained,1
bewilderment,2
collapsing,2
inscribed,1
constrict,1
wheezing,1
platform,2
ambient,1
illuminating,1
wistfulness,1
plac,1
roamed,1
sadness,3
remembering,1
ancestors,5
liveable,1
plane,2
modular,1
tied,2
malleable,4
smiling,8
vastly,1
podium,11
shelf,4
hop,1
modified,3
mutable,1
permanently,1
etched,1
transverse,1
pathway,4
connects,1
glinting,1
humour,1
exiled,1
exiles,1
founding,1
wholly,1
unremarkable,1
hakusho,13
fortune,1
noteworthy,1
pre,11
cataclysm,10
scholarly,2
mists,1
dissipate,1
adventurers,1
fortunes,1
artifacts,11
deterioration,1
explorers,3
expanded,1
electric,1
artifact,5
predates,2
repository,4
deteriorate,1
exploration,2
jabbering,1
healer,1
diagnosed,1
foreign,5
empowered,1
dump,1
predating,1
gods,4
birthed,1
humanity,9
heavens,2
manuscripts,3
era,7
fertile,1
deserts,1
continents,1
oceans,1
transmute,1
suppositions,1
scholars,2
centuries,11
ancient,22
libraries,1
metalworkers,1
bases,1
collect,1
deteriorating,1
collections,1
probe,1
anxious,1
fiction,1
evaluate,1
basis,2
recalled,1
knowledgeable,1
deductive,1
copies,1
functionalities,1
devices,1
operational,1
incorrect,1
amused,1
infuse,1
tsuchikages,1
flight,3
lecturing,1
extend,2
ancestor,2
representations,1
safeguards,1
wings,1
soared,1
motioning,2
touching,4
cobblestones,1
tomes,11
tome,5
holder,1
scrambled,3
infinite,5
secondly,1
representation,1
example,4
unidentifiable,4
outlining,1
diagrams,1
calls,1
translations,2
tiny,1
translate,5
translated,2
translation,1
codex,6
unlocking,1
nations,4
fearful,1
translating,2
quarter,1
duplicate,1
lifetime,6
store,6
indirect,1
sacred,1
conceived,1
activating,3
hidey,1
mementos,1
stored,5
idly,2
disconnected,2
bridge,4
linking,2
selves,4
aging,2
hugged,2
awkwardly,3
responsibly,1
whirling,1
compiled,2
dr,2
reimi,1
saionji,1
linguist,1
historian,1
diplomat,1
usta,1
2064,1
clashes,1
republic,1
utilized,3
razing,1
darkest,2
2072,2
arnold,2
maverick,2
smithson,1
institute,1
razed,1
uninhabitable,1
rearranged,1
corpse,1
sarcophagus,2
combine,2
superhumans,2
experimentations,1
stargate,4
references,1
cross,2
verse,3
sasori,2
thirteen,1
ripples,1
maelstrom,2
clad,1
watchers,5
signifying,1
immensely,1
formidable,1
professor,1
infamously,3
rumoured,1
exaggerated,1
bursts,1
overwhelmed,1
bombarded,1
trait,1
locations,1
dutiful,1
dutifully,1
visiting,3
influential,1
detailing,1
travelling,2
patch,1
leaking,2
barrel,2
cease,1
worst,1
disseminating,1
emergence,1
fathom,1
tales,3
riling,1
leaked,1
offend,1
damages,1
loses,1
flare,1
peer,1
prying,2
utilize,5
surface,1
notorious,1
foe,1
irrelevant,1
snores,1
dwarfed,1
stacked,3
cushioned,1
chairs,1
hemmock,1
fondly,1
brushed,1
faraway,1
structural,4
extract,2
biwako,1
misting,1
dwelled,1
kojika,1
hyūga,1
godfather,6
toad,4
wallet,4
gama,2
chan,2
orphanage,2
stipend,3
incarnations,1
nicknamed,1
conspiracy,2
organisation,9
sardonically,1
clasped,1
comfortingly,1
stems,1
grievous,1
concentrating,1
wellbeing,2
archived,2
issues,1
deflecting,1
evasive,1
induction,1
returns,1
unravelling,1
headway,1
reworking,1
chains,3
pregnant,1
crippled,1
renowned,2
attribute,1
vitality,3
healthy,1
pool,1
differences,1
originated,1
instinctive,2
inter,2
marriages,2
manifest,2
flux,1
diverse,1
outsiders,1
transfer,1
harming,1
infusion,2
balance,2
females,1
males,2
ritual,2
infusing,3
resonance,1
companions,2
refined,1
extraordinary,1
workplace,1
north,4
rarely,1
absolute,1
manifestations,1
extremely,1
supple,1
mould,1
derived,1
crux,1
tapped,1
malleability,1
enormously,1
tapping,2
island,1
coast,1
occurring,1
whirlpools,3
weather,1
colonization,1
infusions,1
poisoning,1
injuring,1
bypass,3
outputting,1
matured,1
entrusted,2
frightening,1
tradition,1
somebody,1
settling,2
initiate,1
legacies,3
otherworldly,1
immovable,1
tingling,2
pins,1
needles,1
toe,1
momentary,1
grunting,1
expelled,1
residue,1
irritating,1
sensory,1
temporary,4
peripheral,1
neuropathy,2
droning,1
surging,1
comprehensive,1
drill,1
dulling,1
55,1
frequencies,1
dislocation,2
bones,2
groaned,2
shifting,2
sheepish,1
believes,1
flow,1
shroud,1
paralyze,1
battlefields,1
zone,1
paralysis,1
hugging,1
grandfatherly,1
extensive,1
researches,1
piecing,2
earnestly,1
entrust,1
wistful,1
pat,1
instructor,4
drops,1
amegakure,8
slopes,1
swoop,1
regrets,1
imprisoned,1
hitsuji,12
attained,1
guilt,1
ridden,1
backing,1
deferred,1
contemplate,1
hanzō,3
salamander,1
daimyō,7
uncontested,1
mainly,1
smack,1
sand,2
claim,4
entrenched,2
workings,2
contest,1
isolating,1
neighbours,1
quo,1
indiscriminately,1
trespassers,1
beg,1
chilled,2
cliff,6
towering,3
skyscrapers,1
comparable,1
industrial,1
craftsmen,1
isolation,1
admonishment,1
rounded,1
outcropping,1
removed,2
specified,1
segment,1
brusquely,1
striding,2
awning,1
musty,1
warmth,2
accursed,1
slid,1
pitta,1
pattering,1
lamps,1
spaced,1
lair,2
stifling,1
cavern,5
wore,1
clocks,1
markings,1
throne,5
unusual,1
purple,2
lobes,1
progressing,1
recruits,2
partners,1
goals,2
trading,1
indecipherable,1
obviously,2
chill,2
stifled,1
conscripted,1
rejected,1
moral,1
newcomers,1
aspirations,1
regarded,1
impassively,1
kingdom,1
kinsmen,1
outfitted,1
konan,2
induct,1
ex,1
patient,1
fruition,1
obito,18
extinct,1
treasured,1
treasure,2
vaults,6
gifts,3
gifted,2
designs,2
royal,3
treasures,3
unused,1
penetrate,1
meteors,1
imploded,1
protections,2
vault,2
flimsy,1
deciphering,3
cave,2
emerging,1
zetsu,9
separated,1
darling,1
mrmph,1
kyubi,2
obstacle,1
breaker,1
blasting,1
reinforcement,1
failures,1
gobble,1
dash,1
wasabi,1
soya,1
sauce,1
narrow,1
achieved,1
rin,3
disseminate,2
nobles,1
conversing,1
inked,1
bonded,1
previewed,1
heartbeats,2
threshold,1
infallible,1
clearer,1
scrunching,1
wordings,1
matrix,3
sampling,1
calculate,1
relation,1
muah,55
coaching,1
accessible,1
elementary,1
intermediate,1
scepticism,1
responsibility,1
intrigued,1
nugget,1
scientists,1
narrated,1
biological,1
everyway,1
researchers,4
evolutionary,1
devastated,1
landscapes,1
fruit,1
plague,2
threatened,1
deciphered,1
racial,1
sideways,2
portal,7
untested,1
drastically,1
literature,2
emphasised,1
travellers,2
realities,2
cosmos,1
pseudo,1
traveling,1
starship,1
lacked,1
alloys,1
components,2
templates,1
narrating,1
wandering,1
exploring,2
scientific,1
abandoning,1
advances,1
pioneers,1
catastrophe,5
fledging,1
unhindered,1
findings,1
uncontrollable,1
wormholes,2
tribes,1
seeding,1
unexplored,1
alleged,4
muahs,3
universe,1
peril,1
text,2
81,2
73,1
varies,1
dialects,1
variant,1
texts,1
decisively,1
blend,1
proposed,2
assists,1
burner,1
priorities,1
vigorously,1
exercies,1
sorting,1
paced,1
coherently,1
workload,1
incomprehensible,1
integrate,2
networks,1
stubbornly,1
allocate,1
unidentified,1
umrph,1
kurama,15
pacing,1
spacious,1
flowers,2
lush,1
saplings,1
gardens,2
dwell,1
sacrilege,1
compare,1
roses,1
raining,1
meat,1
bags,1
smelt,1
emotional,5
mattered,1
nil,1
hopes,1
prospect,1
reform,1
expires,1
mortal,1
saturation,2
monkeys,1
blocking,1
blanket,2
jawed,2
surged,2
logged,2
redacted,3
encryption,2
tunnelling,2
codename,2
ancients,1
sally,1
ugo,1
maison,1
alberts,1
jonathan,1
hannah,1
seabed,1
chromosome,1
earthlings,1
convenes,1
evidences,2
symbolgy,1
roak,12
hailed,1
mu,2
continent,2
earthern,1
pacific,1
disrupted,1
natives,2
portals,1
accidentally,1
demons,1
native,1
fellpool,1
ashamed,1
temple,1
purity,1
symbological,2
runes,2
"
",1
kuramas,1
“you,8
wouldnt,1
konohas,21
tolled,2
crack,1
ayame,21
shutters,4
restaurant,4
ayane,1
toll,2
freezing,1
jerkily,1
shop,26
owners,2
venturing,1
establishments,3
“thats,3
fukigen,9
pharmacy,1
“didnt,1
eggs,2
“i,35
hadnt,2
tolls,1
shunted,1
dwelling,2
“ah,3
“the,11
warranted,1
grumpy,1
“maybe,1
ruckus,1
cryers,1
announce,1
“we,2
hungry,1
customers,1
flutter,1
“suit,1
theres,3
kirigakure,1
dastardly,1
cull,1
whistle,1
fukigens,1
colored,1
uniform,1
transport,1
timed,1
proceeded,1
announcements,2
fountain,3
shopkeepers,1
shoppers,1
hobbling,2
locking,1
criers,2
“hear,1
hollered,1
amplifying,1
pudgy,1
rode,1
graduate,1
affirm,1
vows,1
lockdown,2
ascertain,2
“in,1
advisor,1
danzō,1
shimura,2
treasonous,1
“among,1
villainous,1
brainwashed,1
selling,2
organ,2
harvesting,2
“a,2
emptive,1
linked,1
damning,1
danzos,1
neumura,1
wavering,1
darting,1
slender,1
toreda,4
saamon,4
fishmonger,1
“to,1
“stealing,1
whats,2
“and,7
trader,1
“he,4
pearl,2
cream,2
thats,1
sales,1
ladies,1
ironwood,1
butter,1
gossiping,3
housewives,1
“now,3
assure,1
disclosure,1
hushed,1
recounting,1
“,1
implemented,1
disciple,1
emergencies,1
reputed,1
“as,3
commendation,2
rewarded,1
commendable,1
skipped,1
“did,1
raced,1
seeming,1
“naruto,4
“by,1
pinkie,1
swore,1
“it,2
convinced,1
propaganda,1
guilds,2
betting,1
mighty,1
dumbly,1
amplifier,1
“whatever,1
cook,1
miso,2
didnt,3
hes,3
mans,1
“if,3
dont,7
cant,3
bother,1
malicious,1
gossip,1
deserves,1
celebratory,1
meal,1
shipment,1
blues,1
grilled,1
“thank,1
importantly,2
milling,1
arranging,1
waking,1
laze,1
turns,1
florist,1
mood,1
uncle,3
fū,3
fathers,1
stoic,1
dawned,1
awakened,1
setup,1
garden,1
sweaty,3
thankless,1
reorganizing,1
refreshing,1
flower,2
repainting,1
directing,1
soundly,1
meanwhile,2
summer,1
shiruku,12
appreciatively,1
inos,2
“just,1
doesnt,1
wasnt,4
whined,1
wheres,1
“dont,1
whine,1
unsightly,1
“come,2
repaint,1
stills,3
“cousin,1
keyan,1
painted,1
aunts,1
busying,1
summers,1
coloring,2
combination,1
exterior,1
“mom,4
arent,1
pinch,1
bottom,1
whip,2
muchijutsu,1
“fine,1
brush,1
“so,5
isnt,2
“what,7
fishing,1
“things,1
wheedled,1
rivalry,1
inquisitively,1
“some,1
kibas,1
“well,1
locker,1
consisted,1
“my,3
intellect,1
farsightedness,1
alliances,2
muttering,1
goosebumps,1
scaring,1
“ino,2
befriend,3
ridiculous,1
excluding,1
bum,1
unpaid,1
shocking,1
“bring,1
realizing,2
“your,1
committed,2
apprehended,1
restoring,1
befriending,1
heroes,1
clout,1
kunoichi,1
“wh,1
commission,1
span,1
recuperating,1
dismantled,1
termination,1
terminating,1
neutrally,1
“yes,2
couch,1
elsewhere,2
guessed,1
rogues,1
“no,3
ibiki,1
thirds,1
although,1
upheavals,1
propelled,1
decree,1
robe,1
authorizing,1
links,1
stirring,1
lingering,1
reluctance,1
“good,3
midday,3
“pick,1
assess,2
submitted,1
affirmation,1
“best,1
n31,13
situated,1
landmarks,1
residents,1
ventured,1
brigade,3
brigades,1
dual,1
learners,1
theoretical,2
handpicked,1
designated,1
dubious,1
altercation,1
madaras,13
prompt,1
s31,5
screens,1
dome,1
rudimentary,1
reflective,2
interior,3
moot,1
thankfully,1
imbued,1
micro,1
displaying,1
disturb,1
abnormalities,1
n31s,1
nohara,1
makeup,3
kakashis,9
incapable,1
deactivating,1
evolution,3
92,1
“type,3
differs,1
evolving,1
68,1
simplify,1
scrap,1
score,1
verified,1
refer,1
“madaras,4
theorize,1
theorized,1
forgetting,1
“but,2
facial,1
96,1
portrays,1
tissue,3
“madara,2
scarring,2
socket,2
76,1
mismatch,1
‘madara,3
juggernaut,1
delayed,1
crucial,1
comparison,2
pinpoint,1
97,1
eliminate,1
obitos,1
finalized,1
“whats,1
n35,1
“sica,1
scent,2
dew,1
permeate,1
crickets,1
chirping,1
rodents,1
fledglings,1
canopy,1
gusts,2
crisp,1
broth,1
spoilt,1
regiment,1
aspects,1
meets,1
greeted,1
wincing,1
bruise,1
“those,1
slipping,1
nuisance,1
bumped,1
shatter,1
clarity,1
perception,2
tiers,1
foreknowledge,1
trek,1
cluttered,1
dusty,1
“that,4
clinically,1
variation,1
recreate,1
disbelieving,1
supposition,1
tsukuyomi,2
existed,1
trapping,1
removes,1
boundaries,1
transcend,1
“oh,2
defenses,1
practically,1
defenseless,1
varied,1
gear,1
upcoming,1
alter,1
ocular,1
baggage,2
lets,2
todays,1
tracking,1
hostage,3
posing,1
transforming,1
ensuring,1
“why,1
relish,1
primly,1
varying,1
carter,1
28,1
mil,1
cycles,2
optimum,3
“seriously,1
“federation,1
flowed,1
outer,1
appropriate,2
texture,1
redundant,1
afar,1
utility,2
durability,1
“alright,2
insurance,1
dividing,1
proportional,1
focuses,1
maximum,1
commerce,1
halted,1
attacker,1
“shop,1
assistants,1
timers,2
interviews,1
haircut,1
serviceable,1
inexpensive,1
lee,14
maple,1
grove,1
downs,1
purchase,1
grace,1
wear,1
weekends,2
warmly,1
oddities,1
goods,2
recognizable,1
stacks,1
kinds,1
premier,1
childlike,1
“hi,1
independent,1
establishment,1
cleaner,1
presentable,1
evenings,1
yen,2
basement,4
generous,1
gadgets,1
inventions,1
workshop,1
produces,1
downstairs,1
“lets,1
innocence,1
established,1
sympathized,1
bookstore,1
edition,1
icha,2
fashionably,1
instilled,1
discarding,1
flippant,1
demise,1
squadron,1
fostered,1
reassignment,1
childs,3
sparked,1
“eye,1
disguised,1
ward,1
observation,1
determination,1
resignation,1
unwavering,1
orbs,1
proverbial,1
bakers,1
basket,1
detour,1
uzumakis,1
dwindled,1
tier,1
stark,1
contrast,1
presenting,1
consistent,1
inferior,1
umino,1
“bodyguards,1
begs,1
hawks,1
ample,1
wash,1
rap,1
creaking,1
floorboards,1
smartly,1
curling,1
damply,1
“hmm,1
“cut,1
directions,1
graduation,1
quirked,1
skillful,1
nondescript,1
unruffled,1
indicative,1
identifier,1
offices,1
locals,1
instructors,1
“follow,1
“once,1
id,1
scowl,1
puppy,1
chuckling,1
glower,1
karasu,4
travelers,1
birds,1
traffic,1
isolationist,1
catering,1
“adult,1
worthwhile,1
pressing,1
bosom,1
jasmine,1
untie,1
knot,1
dress,1
undignified,1
shriek,1
tearing,1
scrambling,1
chattering,1
clued,1
monkey,6
dimly,1
vase,3
glowered,1
“wait,1
renting,1
anythings,1
“like,1
wiles,1
screech,1
fuya,5
snatching,1
shatters,1
brothels,1
“at,1
fuyas,1
jiraiyas,3
duck,1
“oww,1
oww,1
pry,1
backflip,1
haughtily,1
hiruzen,1
rubbed,1
temperamental,1
toads,1
mumblings,1
amber,1
countenance,1
cores,2
983,1
multi,3
threads,2
corruption,3
redundancy,4
algorithms,3
initialized,3
switching,1
threading,1
999,1
zettabytes,1
imminent,1
management,1
sourcing,1
millennia,1
stranded,1
operates,1
exceeds,1
lifeforms,1
temporal,1
axis,1
asmodeus,1
